Date,AXISBANK,ADANIPORTS
2007-11-27,932.1,962.9
2007-11-28,905.7,893.9
2007-11-29,918.85,884.2
2007-11-30,930.65,921.55
2007-12-03,942.35,969.3
2007-12-04,944.3,1041.45
2007-12-05,940.1,1082.45
2007-12-06,923.2,1081.3
2007-12-07,938.55,1102.4
2007-12-10,939.65,1075.4
2007-12-11,941.0,1047.65
2007-12-12,942.05,1036.8
2007-12-13,972.2,1129.95
2007-12-14,994.65,1110.5
2007-12-17,984.45,1044.25
2007-12-18,952.0,1074.95
2007-12-19,939.0,1066.9
2007-12-20,933.85,1060.2
2007-12-24,953.25,1156.8
2007-12-26,970.95,1199.9
2007-12-27,956.4,1211.65
2007-12-28,975.55,1249.1
2007-12-31,970.45,1268.8
2008-01-01,972.55,1296.85
2008-01-02,1034.65,1307.45
2008-01-03,1035.85,1275.8
2008-01-04,1054.9,1240.35
2008-01-07,1090.15,1227.25
2008-01-08,1065.75,1204.8
2008-01-09,1095.6,1180.25
2008-01-10,1089.15,1121.55
2008-01-11,1169.75,1085.85
2008-01-14,1268.15,1035.15
2008-01-15,1196.55,1049.55
2008-01-16,1156.7,1030.4
2008-01-17,1162.05,1020.9
2008-01-18,1116.15,994.6
2008-01-21,1060.65,825.05
2008-01-22,974.6,735.55
2008-01-23,1015.7,857.0
2008-01-24,1002.2,814.15
2008-01-25,1097.75,865.7
2008-01-28,1141.45,820.8
2008-01-29,1146.2,840.75
2008-01-30,1105.45,830.45
2008-01-31,1120.8,837.65
2008-02-01,1085.15,825.35
2008-02-04,1088.95,856.1
2008-02-05,1059.7,834.3
2008-02-06,1084.65,807.5
2008-02-07,1034.7,796.25
2008-02-08,983.65,784.05
2008-02-11,930.75,711.2
2008-02-12,990.6,681.3
2008-02-13,967.0,670.95
2008-02-14,993.2,709.8
2008-02-15,1029.4,728.75
2008-02-18,1050.9,771.6
2008-02-19,1038.15,763.9
2008-02-20,1006.1,732.1
2008-02-21,1000.7,737.6
2008-02-22,971.0,724.0
2008-02-25,956.8,707.65
2008-02-26,960.8,735.8
2008-02-27,992.85,746.4
2008-02-28,1009.55,737.75
2008-02-29,1022.55,735.65
2008-03-03,939.45,699.25
2008-03-04,910.9,669.25
2008-03-05,896.6,640.9
2008-03-07,840.85,609.75
2008-03-10,806.7,601.15
2008-03-11,836.15,623.7
2008-03-12,864.0,602.9
2008-03-13,806.6,566.3
2008-03-14,860.35,561.0
2008-03-17,793.8,511.45
2008-03-18,782.55,502.4
2008-03-19,753.35,497.75
2008-03-24,724.95,469.2
2008-03-25,790.95,497.15
2008-03-26,828.8,504.05
2008-03-27,792.45,516.0
2008-03-28,807.2,619.2
2008-03-31,789.85,578.75
2008-04-01,721.65,592.2
2008-04-02,744.6,608.35
2008-04-03,744.2,602.3
2008-04-04,714.45,593.2
2008-04-07,751.15,593.4
2008-04-08,758.75,589.65
2008-04-09,797.7,597.75
2008-04-10,777.95,608.6
2008-04-11,759.95,610.2
2008-04-15,773.4,642.55
2008-04-16,785.75,637.4
2008-04-17,824.4,626.35
2008-04-21,881.55,645.15
2008-04-22,909.0,665.85
2008-04-23,897.2,666.7
2008-04-24,898.55,665.25
2008-04-25,907.7,712.15
2008-04-28,918.9,736.45
2008-04-29,945.65,740.6
2008-04-30,923.55,760.15
2008-05-02,935.65,766.65
2008-05-05,946.75,754.4
2008-05-06,948.1,757.9
2008-05-07,907.45,768.5
2008-05-08,863.2,781.5
2008-05-09,835.85,783.75
2008-05-12,877.2,807.55
2008-05-13,869.2,792.85
2008-05-14,862.5,789.2
2008-05-15,893.6,790.85
2008-05-16,900.05,775.6
2008-05-20,869.35,884.05
2008-05-21,869.75,901.35
2008-05-22,828.6,884.4
2008-05-23,799.45,853.65
2008-05-26,762.9,887.45
2008-05-27,738.75,873.05
2008-05-28,810.2,841.0
2008-05-29,783.0,834.85
2008-05-30,793.25,790.4
2008-06-02,749.35,765.8
2008-06-03,757.4,739.4
2008-06-04,736.8,702.2
2008-06-05,770.9,657.55
2008-06-06,760.55,639.6
2008-06-09,703.1,612.6
2008-06-10,681.5,589.25
2008-06-11,705.8,607.1
2008-06-12,714.35,593.5
2008-06-13,704.5,600.3
2008-06-16,735.75,620.9
2008-06-17,794.5,630.6
2008-06-18,750.5,628.9
2008-06-19,718.1,649.15
2008-06-20,703.7,624.25
2008-06-23,697.15,571.05
2008-06-24,678.65,568.7
2008-06-25,685.05,549.7
2008-06-26,678.2,528.45
2008-06-27,628.6,496.0
2008-06-30,605.05,494.15
2008-07-01,593.85,478.15
2008-07-02,634.45,481.3
2008-07-03,580.2,443.35
2008-07-04,600.45,450.4
2008-07-07,603.95,467.35
2008-07-08,606.95,459.45
2008-07-09,669.1,551.35
2008-07-10,678.45,567.75
2008-07-11,665.25,546.35
2008-07-14,634.35,534.9
2008-07-15,597.1,488.0
2008-07-16,584.45,478.2
2008-07-17,635.45,478.75
2008-07-18,685.6,467.4
2008-07-21,697.4,476.35
2008-07-22,735.05,516.45
2008-07-23,763.65,553.55
2008-07-24,760.3,584.6
2008-07-25,712.85,587.8
2008-07-28,697.3,588.45
2008-07-29,619.7,554.7
2008-07-30,679.25,563.9
2008-07-31,653.9,578.0
2008-08-01,679.9,576.25
2008-08-04,706.05,585.05
2008-08-05,760.55,587.0
2008-08-06,743.05,576.65
2008-08-07,746.55,573.75
2008-08-08,735.15,581.55
2008-08-11,759.6,591.0
2008-08-12,720.55,626.5
2008-08-13,725.1,614.75
2008-08-14,700.0,572.3
2008-08-18,692.5,573.75
2008-08-19,679.8,568.9
2008-08-20,673.8,580.15
2008-08-21,649.1,564.35
2008-08-22,679.85,575.9
2008-08-25,685.6,582.2
2008-08-26,679.65,568.65
2008-08-27,677.35,560.8
2008-08-28,670.55,557.55
2008-08-29,723.4,577.25
2008-09-01,722.9,591.05
2008-09-02,759.85,590.65
2008-09-04,734.2,583.8
2008-09-05,687.25,570.75
2008-09-08,711.25,580.15
2008-09-09,710.0,580.45
2008-09-10,710.45,589.65
2008-09-11,704.15,579.6
2008-09-12,692.55,562.75
2008-09-15,656.9,535.75
2008-09-16,695.8,538.35
2008-09-17,666.45,493.65
2008-09-18,678.6,454.75
2008-09-19,708.55,456.4
2008-09-22,704.9,443.85
2008-09-23,683.35,442.55
2008-09-24,710.2,446.9
2008-09-25,721.4,439.95
2008-09-26,705.1,430.95
2008-09-29,671.55,422.85
2008-09-30,720.25,431.65
2008-10-01,734.6,434.1
2008-10-03,702.3,431.85
2008-10-06,678.0,412.15
2008-10-07,682.9,415.25
2008-10-08,647.75,396.75
2008-10-10,552.6,349.4
2008-10-13,659.95,380.1
2008-10-14,639.05,398.7
2008-10-15,618.8,380.4
2008-10-16,626.25,400.5
2008-10-17,620.35,401.0
2008-10-20,617.9,410.0
2008-10-21,656.5,436.0
2008-10-22,631.2,420.25
2008-10-23,622.4,405.3
2008-10-24,538.85,375.4
2008-10-27,534.55,340.25
2008-10-28,570.0,364.05
2008-10-29,526.85,342.65
2008-10-31,562.95,357.9
2008-11-03,602.2,355.35
2008-11-04,640.45,347.3
2008-11-05,604.0,354.75
2008-11-06,582.7,348.3
2008-11-07,581.6,341.15
2008-11-10,608.9,343.25
2008-11-11,564.05,346.25
2008-11-12,525.3,339.55
2008-11-14,492.95,322.85
2008-11-17,456.65,329.45
2008-11-18,437.75,324.8
2008-11-19,427.55,309.8
2008-11-20,405.45,288.15
2008-11-21,411.5,285.65
2008-11-24,397.55,280.9
2008-11-25,376.55,275.4
2008-11-26,404.45,268.45
2008-11-28,408.5,257.95
2008-12-01,413.05,265.65
2008-12-02,429.1,259.45
2008-12-03,433.7,262.55
2008-12-04,455.2,270.3
2008-12-05,443.05,269.4
2008-12-08,451.95,265.25
2008-12-10,462.8,279.4
2008-12-11,457.0,284.25
2008-12-12,468.8,282.65
2008-12-15,486.2,293.2
2008-12-16,500.8,321.05
2008-12-17,497.6,307.75
2008-12-18,537.2,314.4
2008-12-19,546.0,320.55
2008-12-22,537.5,311.7
2008-12-23,499.5,309.65
2008-12-24,490.75,312.8
2008-12-26,482.8,305.45
2008-12-29,494.95,315.75
2008-12-30,510.25,319.7
2008-12-31,504.7,325.3
2009-01-01,516.85,333.8
2009-01-02,541.9,331.25
2009-01-05,560.1,390.4
2009-01-06,569.75,395.2
2009-01-07,522.1,352.05
2009-01-09,486.6,338.0
2009-01-12,451.7,369.85
2009-01-13,440.3,349.75
2009-01-14,449.4,384.75
2009-01-15,434.05,373.1
2009-01-16,443.55,375.45
2009-01-19,438.3,362.7
2009-01-20,422.4,375.05
2009-01-21,407.7,356.55
2009-01-22,416.05,369.1
2009-01-23,384.3,363.9
2009-01-27,394.75,375.7
2009-01-28,422.85,394.55
2009-01-29,435.65,381.45
2009-01-30,433.7,386.15
2009-02-02,397.85,389.6
2009-02-03,395.5,380.6
2009-02-04,395.15,368.55
2009-02-05,392.3,367.9
2009-02-06,403.0,375.2
2009-02-09,422.45,385.5
2009-02-10,421.0,376.45
2009-02-11,430.95,371.6
2009-02-12,430.5,367.4
2009-02-13,440.4,368.3
2009-02-16,418.8,358.55
2009-02-17,399.15,345.95
2009-02-18,394.25,334.15
2009-02-19,388.45,352.0
2009-02-20,372.7,351.25
2009-02-24,363.65,346.2
2009-02-25,366.05,345.25
2009-02-26,346.3,345.1
2009-02-27,347.9,341.65
2009-03-02,323.1,316.35
2009-03-03,324.9,306.6
2009-03-04,322.15,314.0
2009-03-05,300.7,310.8
2009-03-06,294.95,309.8
2009-03-09,281.4,297.9
2009-03-12,304.5,297.9
2009-03-13,329.9,311.7
2009-03-16,342.55,312.2
2009-03-17,325.5,310.35
2009-03-18,340.7,326.6
2009-03-19,358.0,312.65
2009-03-20,342.4,314.3
2009-03-23,373.65,322.15
2009-03-24,371.95,314.3
2009-03-25,398.1,324.2
2009-03-26,421.4,321.6
2009-03-27,431.05,308.15
2009-03-30,397.0,318.1
2009-03-31,414.95,323.3
2009-04-01,418.15,340.8
2009-04-02,439.6,347.25
2009-04-06,435.25,385.15
2009-04-08,443.55,365.65
2009-04-09,445.6,378.3
2009-04-13,461.85,380.1
2009-04-15,504.2,399.7
2009-04-16,472.1,380.2
2009-04-17,503.25,377.0
2009-04-20,509.85,378.8
2009-04-21,493.95,379.6
2009-04-22,472.15,386.8
2009-04-23,502.05,391.55
2009-04-24,529.6,403.5
2009-04-27,557.5,389.7
2009-04-28,530.7,369.5
2009-04-29,557.3,388.75
2009-05-04,609.35,405.3
2009-05-05,627.35,410.55
2009-05-06,605.25,401.35
2009-05-07,624.75,411.95
2009-05-08,607.25,413.2
2009-05-11,620.35,403.45
2009-05-12,669.0,408.15
2009-05-13,671.7,438.6
2009-05-14,637.55,461.95
2009-05-15,659.6,471.75
2009-05-18,778.4,523.35
2009-05-19,764.8,528.75
2009-05-20,728.55,536.5
2009-05-21,736.2,559.1
2009-05-22,762.85,546.3
2009-05-25,774.0,599.8
2009-05-26,744.75,576.25
2009-05-27,797.75,589.7
2009-05-28,782.05,588.5
2009-05-29,778.95,611.2
2009-06-01,741.75,651.15
2009-06-02,719.9,629.0
2009-06-03,717.0,600.95
2009-06-04,734.85,620.25
2009-06-05,738.5,626.65
2009-06-08,698.2,622.25
2009-06-09,726.05,680.2
2009-06-10,752.5,687.4
2009-06-11,726.6,674.8
2009-06-12,703.75,665.6
2009-06-15,718.4,630.3
2009-06-16,759.65,633.55
2009-06-17,721.6,613.75
2009-06-18,733.0,617.7
2009-06-19,756.15,619.2
2009-06-22,765.8,617.85
2009-06-23,749.35,600.85
2009-06-24,768.85,612.55
2009-06-25,778.55,611.4
2009-06-26,818.05,614.95
2009-06-29,867.55,634.8
2009-06-30,832.25,604.1
2009-07-01,869.4,607.8
2009-07-02,853.7,589.25
2009-07-03,873.35,585.85
2009-07-06,794.4,539.85
2009-07-07,816.75,521.05
2009-07-08,786.5,505.75
2009-07-09,764.95,494.8
2009-07-10,738.25,516.1
2009-07-13,755.4,506.0
2009-07-14,763.2,525.1
2009-07-15,788.7,540.15
2009-07-16,798.65,528.9
2009-07-17,851.1,543.55
2009-07-20,886.35,551.75
2009-07-21,884.4,553.3
2009-07-22,860.7,555.95
2009-07-23,893.95,557.25
2009-07-24,893.95,558.45
2009-07-27,938.35,559.1
2009-07-28,956.6,561.05
2009-07-29,917.6,545.85
2009-07-30,920.6,557.05
2009-07-31,917.15,601.35
2009-08-03,921.75,600.75
2009-08-04,894.7,600.4
2009-08-05,851.85,597.25
2009-08-06,845.6,571.3
2009-08-07,814.65,540.35
2009-08-10,843.3,561.45
2009-08-11,869.9,547.55
2009-08-12,870.4,544.55
2009-08-13,877.35,553.65
2009-08-14,870.1,552.4
2009-08-17,828.05,541.95
2009-08-18,831.1,535.3
2009-08-19,820.9,530.15
2009-08-20,845.35,530.25
2009-08-21,882.45,528.8
2009-08-24,909.7,537.75
2009-08-25,916.5,542.45
2009-08-26,933.2,552.95
2009-08-27,922.75,584.7
2009-08-28,918.85,569.2
2009-08-31,905.3,557.5
2009-09-01,892.7,535.55
2009-09-02,889.2,526.05
2009-09-03,888.6,546.15
2009-09-04,907.25,550.2
2009-09-07,932.6,567.95
2009-09-08,905.25,544.55
2009-09-09,915.35,540.15
2009-09-10,909.3,540.35
2009-09-11,902.9,534.0
2009-09-14,895.65,535.2
2009-09-15,909.65,547.25
2009-09-16,907.65,539.95
2009-09-17,911.85,534.95
2009-09-18,913.85,535.25
2009-09-22,909.95,542.65
2009-09-23,920.0,537.5
2009-09-24,919.75,531.7
2009-09-25,914.8,528.45
2009-09-29,926.3,526.0
2009-09-30,985.15,519.85
2009-10-01,1009.3,525.55
2009-10-05,969.1,514.8
2009-10-06,998.85,510.95
2009-10-07,980.65,510.5
2009-10-08,1009.85,525.2
2009-10-09,996.45,538.1
2009-10-12,1013.45,537.7
2009-10-14,1032.4,551.85
2009-10-15,1006.0,555.7
2009-10-16,1006.5,555.05
2009-10-17,1011.15,549.4
2009-10-20,994.3,547.35
2009-10-21,977.05,540.5
2009-10-22,966.15,525.15
2009-10-23,994.05,519.65
2009-10-26,967.9,526.6
2009-10-27,952.3,508.45
2009-10-28,928.1,514.3
2009-10-29,907.65,508.15
2009-10-30,907.4,500.15
2009-11-03,894.0,481.4
2009-11-04,924.1,491.7
2009-11-05,916.1,529.15
2009-11-06,937.9,525.35
2009-11-09,998.0,535.5
2009-11-10,996.4,518.95
2009-11-11,1005.2,528.95
2009-11-12,980.1,541.8
2009-11-13,996.1,542.85
2009-11-16,1001.25,545.2
2009-11-17,1002.2,530.0
2009-11-18,999.15,534.3
2009-11-19,986.55,539.15
2009-11-20,992.05,535.35
2009-11-23,999.4,551.6
2009-11-24,1000.1,548.7
2009-11-25,1016.65,547.8
2009-11-26,997.35,547.15
2009-11-27,971.2,531.05
2009-11-30,999.4,542.85
2009-12-01,1036.85,556.8
2009-12-02,1047.45,569.45
2009-12-03,1049.6,572.65
2009-12-04,1027.05,567.05
2009-12-07,1009.05,556.6
2009-12-08,1039.7,573.75
2009-12-09,1015.85,559.95
2009-12-10,1021.35,563.25
2009-12-11,1003.75,568.55
2009-12-14,994.65,566.05
2009-12-15,959.7,558.75
2009-12-16,937.25,552.5
2009-12-17,941.75,548.65
2009-12-18,934.3,543.05
2009-12-21,954.3,544.5
2009-12-22,970.2,540.0
2009-12-23,982.4,543.15
2009-12-24,987.35,556.95
2009-12-29,984.75,551.95
2009-12-30,981.4,549.95
2009-12-31,989.2,553.45
2010-01-04,992.1,556.75
2010-01-05,1012.8,575.95
2010-01-06,995.8,604.5
2010-01-07,1002.85,597.35
2010-01-08,1015.95,596.65
2010-01-11,1049.4,616.95
2010-01-12,1049.3,626.2
2010-01-13,1040.3,649.85
2010-01-14,1066.1,639.2
2010-01-15,1077.8,649.05
2010-01-18,1107.65,649.05
2010-01-19,1105.75,632.3
2010-01-20,1083.75,623.65
2010-01-21,1061.25,623.4
2010-01-22,1031.65,615.4
2010-01-25,1018.7,601.35
2010-01-27,972.75,585.35
2010-01-28,1018.8,586.2
2010-01-29,1025.7,595.2
2010-02-01,1062.55,614.0
2010-02-02,1037.3,625.2
2010-02-03,1071.0,652.25
2010-02-04,1048.45,646.7
2010-02-05,1025.7,635.15
2010-02-06,1030.75,645.95
2010-02-08,1022.7,649.1
2010-02-09,1038.55,639.95
2010-02-10,1024.65,640.3
2010-02-11,1033.2,639.95
2010-02-15,1028.85,637.4
2010-02-16,1026.15,635.2
2010-02-17,1067.3,682.1
2010-02-18,1098.5,668.15
2010-02-19,1094.5,655.3
2010-02-22,1107.45,648.05
2010-02-23,1098.15,649.05
2010-02-24,1093.8,639.7
2010-02-25,1096.25,667.75
2010-02-26,1124.5,673.85
2010-03-02,1155.0,687.6
2010-03-03,1148.9,714.6
2010-03-04,1121.65,714.95
2010-03-05,1103.35,716.9
2010-03-08,1129.3,733.5
2010-03-09,1117.65,715.4
2010-03-10,1131.5,710.05
2010-03-11,1151.35,693.0
2010-03-12,1151.05,699.3
2010-03-15,1142.7,701.55
2010-03-16,1144.9,720.45
2010-03-17,1149.2,715.5
2010-03-18,1163.8,712.85
2010-03-19,1156.0,728.7
2010-03-22,1146.5,726.95
2010-03-23,1161.95,726.4
2010-03-25,1154.8,736.7
2010-03-26,1193.25,741.0
2010-03-29,1198.95,774.7
2010-03-30,1173.1,786.6
2010-03-31,1168.25,789.6
2010-04-01,1173.55,751.45
2010-04-05,1177.1,750.95
2010-04-06,1174.55,741.1
2010-04-07,1164.3,742.45
2010-04-08,1156.75,741.5
2010-04-09,1183.45,742.7
2010-04-12,1176.9,747.4
2010-04-13,1157.6,758.25
2010-04-15,1148.3,748.8
2010-04-16,1148.4,749.15
2010-04-19,1159.3,745.25
2010-04-20,1187.0,756.1
2010-04-21,1237.4,773.9
2010-04-22,1224.95,782.9
2010-04-23,1235.9,784.35
2010-04-26,1279.6,762.95
2010-04-27,1276.55,755.85
2010-04-28,1254.1,744.95
2010-04-29,1274.1,741.15
2010-04-30,1270.0,739.0
2010-05-03,1260.5,728.9
2010-05-04,1249.45,711.8
2010-05-05,1241.3,695.7
2010-05-06,1233.95,682.6
2010-05-07,1191.15,652.3
2010-05-10,1249.45,692.55
2010-05-11,1259.35,702.3
2010-05-12,1289.9,723.35
2010-05-13,1311.55,744.2
2010-05-14,1295.75,712.05
2010-05-17,1262.2,701.45
2010-05-18,1254.7,683.0
2010-05-19,1205.05,654.2
2010-05-20,1207.95,649.25
2010-05-21,1215.65,671.05
2010-05-24,1198.35,677.0
2010-05-25,1163.9,643.25
2010-05-26,1156.9,673.25
2010-05-27,1215.8,669.8
2010-05-28,1225.35,672.1
2010-05-31,1232.35,696.45
2010-06-01,1181.7,676.75
2010-06-02,1201.15,665.45
2010-06-03,1242.3,686.2
2010-06-04,1245.45,689.7
2010-06-07,1214.8,661.45
2010-06-08,1226.2,663.05
2010-06-09,1239.65,667.0
2010-06-10,1248.0,682.1
2010-06-11,1245.8,683.45
2010-06-14,1256.5,690.8
2010-06-15,1245.25,702.8
2010-06-16,1220.6,708.35
2010-06-17,1215.0,714.4
2010-06-18,1211.5,714.35
2010-06-21,1247.3,717.95
2010-06-22,1235.65,716.1
2010-06-23,1249.4,724.0
2010-06-24,1263.2,709.75
2010-06-25,1249.1,699.15
2010-06-28,1261.95,715.5
2010-06-29,1240.65,721.3
2010-06-30,1242.4,738.5
2010-07-01,1233.65,729.65
2010-07-02,1237.2,714.95
2010-07-05,1235.95,733.05
2010-07-06,1253.3,720.65
2010-07-07,1237.05,725.9
2010-07-08,1241.55,723.55
2010-07-09,1273.1,724.05
2010-07-12,1288.3,742.2
2010-07-13,1299.7,758.8
2010-07-14,1314.45,749.6
2010-07-15,1350.3,746.75
2010-07-16,1357.15,754.8
2010-07-19,1360.8,747.15
2010-07-20,1368.95,732.1
2010-07-21,1347.15,730.7
2010-07-22,1356.8,725.55
2010-07-23,1389.95,725.9
2010-07-26,1385.85,726.6
2010-07-27,1374.45,725.4
2010-07-28,1349.95,724.55
2010-07-29,1365.6,721.25
2010-07-30,1343.45,724.15
2010-08-02,1350.75,738.3
2010-08-03,1356.0,743.8
2010-08-04,1331.4,754.35
2010-08-05,1316.6,773.1
2010-08-06,1314.3,784.95
2010-08-09,1309.8,791.5
2010-08-10,1294.9,816.9
2010-08-11,1289.1,797.7
2010-08-12,1315.6,798.25
2010-08-13,1328.2,797.85
2010-08-16,1336.6,793.65
2010-08-17,1330.75,790.5
2010-08-18,1353.25,788.1
2010-08-19,1363.55,799.15
2010-08-20,1367.0,801.85
2010-08-23,1381.25,815.0
2010-08-24,1372.15,798.7
2010-08-25,1361.7,795.65
2010-08-26,1367.8,793.95
2010-08-27,1326.95,768.4
2010-08-30,1323.95,765.2
2010-08-31,1330.65,768.65
2010-09-01,1354.1,776.7
2010-09-02,1388.05,762.95
2010-09-03,1379.65,765.05
2010-09-06,1394.65,788.8
2010-09-07,1397.5,777.2
2010-09-08,1381.25,790.35
2010-09-09,1379.4,790.0
2010-09-13,1426.2,800.7
2010-09-14,1426.3,805.55
2010-09-15,1470.0,810.95
2010-09-16,1484.8,787.65
2010-09-17,1506.5,825.15
2010-09-20,1546.85,848.1
2010-09-21,1530.75,843.4
2010-09-22,1529.7,837.0
2010-09-23,1495.25,165.6
2010-09-24,1506.85,162.85
2010-09-27,1507.15,166.9
2010-09-28,1505.3,170.8
2010-09-29,1510.4,168.3
2010-09-30,1536.6,167.65
2010-10-01,1574.85,167.05
2010-10-04,1577.1,166.9
2010-10-05,1575.3,170.1
2010-10-06,1562.25,179.9
2010-10-07,1568.7,181.05
2010-10-08,1570.35,181.5
2010-10-11,1550.85,180.5
2010-10-12,1543.2,176.35
2010-10-13,1588.75,171.95
2010-10-14,1563.9,166.9
2010-10-15,1502.05,161.9
2010-10-18,1481.95,158.95
2010-10-19,1468.5,165.55
2010-10-20,1455.2,164.75
2010-10-21,1506.3,174.0
2010-10-22,1464.0,171.2
2010-10-25,1464.55,164.3
2010-10-26,1459.5,163.85
2010-10-27,1447.05,160.35
2010-10-28,1444.8,154.4
2010-10-29,1471.05,151.9
2010-11-01,1513.6,155.2
2010-11-02,1526.6,153.15
2010-11-03,1536.1,159.9
2010-11-04,1544.4,161.2
2010-11-05,1549.85,162.3
2010-11-08,1555.9,161.4
2010-11-09,1562.3,162.25
2010-11-10,1543.4,159.9
2010-11-11,1522.4,155.4
2010-11-12,1492.0,151.85
2010-11-15,1521.7,151.55
2010-11-16,1469.15,148.45
2010-11-18,1426.0,147.75
2010-11-19,1384.7,145.3
2010-11-22,1430.6,146.05
2010-11-23,1421.7,145.35
2010-11-24,1384.8,144.9
2010-11-25,1342.9,139.05
2010-11-26,1330.9,141.3
2010-11-29,1329.1,143.5
2010-11-30,1366.85,152.4
2010-12-01,1424.45,153.65
2010-12-02,1455.35,150.35
2010-12-03,1406.15,147.05
2010-12-06,1382.45,147.0
2010-12-07,1324.5,145.7
2010-12-08,1251.5,141.5
2010-12-09,1245.75,137.75
2010-12-10,1323.55,146.6
2010-12-13,1320.65,148.25
2010-12-14,1303.35,151.45
2010-12-15,1297.6,148.3
2010-12-16,1309.35,148.05
2010-12-20,1270.9,144.3
2010-12-21,1318.35,149.7
2010-12-22,1311.65,149.95
2010-12-23,1314.1,145.3
2010-12-24,1322.0,143.75
2010-12-27,1316.6,143.65
2010-12-28,1288.9,140.85
2010-12-29,1312.4,141.35
2010-12-30,1333.8,141.7
2010-12-31,1350.1,144.05
2011-01-03,1367.65,145.05
2011-01-04,1347.95,148.55
2011-01-05,1310.9,157.6
2011-01-06,1305.85,154.95
2011-01-07,1280.65,147.25
2011-01-10,1254.6,140.4
2011-01-11,1300.2,139.05
2011-01-12,1313.35,139.75
2011-01-13,1265.45,141.4
2011-01-14,1201.6,139.2
2011-01-17,1229.0,137.1
2011-01-18,1278.25,139.85
2011-01-19,1280.1,139.8
2011-01-20,1285.1,139.4
2011-01-21,1287.05,140.0
2011-01-24,1325.75,142.25
2011-01-25,1297.2,140.15
2011-01-27,1298.95,138.15
2011-01-28,1253.5,139.5
2011-01-31,1242.2,140.55
2011-02-01,1242.65,139.45
2011-02-02,1225.05,136.5
2011-02-03,1256.35,138.35
2011-02-04,1222.6,134.95
2011-02-07,1228.55,134.8
2011-02-08,1190.7,131.7
2011-02-09,1160.65,129.0
2011-02-10,1165.55,129.7
2011-02-11,1221.7,138.55
2011-02-14,1270.05,142.7
2011-02-15,1274.8,141.65
2011-02-16,1296.8,143.35
2011-02-17,1317.5,147.8
2011-02-18,1296.8,144.3
2011-02-21,1306.95,143.65
2011-02-22,1264.65,140.2
2011-02-23,1255.0,143.9
2011-02-24,1190.35,146.3
2011-02-25,1232.5,148.2
2011-02-28,1218.55,138.0
2011-03-01,1288.8,138.95
2011-03-03,1309.8,135.6
2011-03-04,1328.3,132.8
2011-03-07,1283.4,131.5
2011-03-08,1311.5,132.7
2011-03-09,1300.95,131.05
2011-03-10,1285.05,133.8
2011-03-11,1265.7,131.6
2011-03-14,1290.35,133.25
2011-03-15,1282.95,130.8
2011-03-16,1318.6,131.35
2011-03-17,1291.1,133.65
2011-03-18,1269.2,133.95
2011-03-21,1279.35,131.55
2011-03-22,1295.9,131.3
2011-03-23,1315.4,131.3
2011-03-24,1319.45,132.65
2011-03-25,1364.95,137.95
2011-03-28,1384.25,137.95
2011-03-29,1422.15,136.5
2011-03-30,1426.45,136.45
2011-03-31,1403.85,136.65
2011-04-01,1407.75,141.15
2011-04-04,1432.1,148.2
2011-04-05,1424.75,156.85
2011-04-06,1428.95,153.65
2011-04-07,1445.75,155.75
2011-04-08,1449.7,154.4
2011-04-11,1409.85,146.05
2011-04-13,1438.3,147.25
2011-04-15,1429.9,146.05
2011-04-18,1389.8,150.1
2011-04-19,1409.35,146.9
2011-04-20,1448.0,147.85
2011-04-21,1447.55,147.15
2011-04-25,1377.3,146.8
2011-04-26,1356.35,144.9
2011-04-27,1343.85,142.25
2011-04-28,1333.7,144.6
2011-04-29,1286.6,144.45
2011-05-02,1276.45,143.85
2011-05-03,1230.4,138.7
2011-05-04,1235.6,133.2
2011-05-05,1209.85,128.55
2011-05-06,1258.2,131.9
2011-05-09,1237.75,130.5
2011-05-10,1228.7,135.6
2011-05-11,1228.25,134.8
2011-05-12,1205.65,133.2
2011-05-13,1244.7,138.2
2011-05-16,1224.4,138.7
2011-05-17,1219.4,144.4
2011-05-18,1217.95,148.15
2011-05-19,1214.65,144.2
2011-05-20,1220.9,147.95
2011-05-23,1188.0,149.9
2011-05-24,1202.4,151.8
2011-05-25,1181.65,154.45
2011-05-26,1208.4,151.9
2011-05-27,1220.6,152.65
2011-05-30,1245.25,155.6
2011-05-31,1282.5,161.45
2011-06-01,1278.25,164.0
2011-06-02,1273.75,161.25
2011-06-03,1242.75,161.05
2011-06-06,1235.45,159.85
2011-06-07,1244.65,157.25
2011-06-08,1228.75,154.9
2011-06-09,1246.4,154.95
2011-06-10,1235.15,152.0
2011-06-13,1233.3,154.75
2011-06-14,1260.05,156.55
2011-06-15,1224.4,154.25
2011-06-16,1217.85,151.55
2011-06-17,1222.55,148.2
2011-06-20,1226.4,147.15
2011-06-21,1241.85,148.35
2011-06-22,1254.65,148.1
2011-06-23,1244.35,150.15
2011-06-24,1272.25,154.3
2011-06-27,1306.4,156.25
2011-06-28,1302.9,157.1
2011-06-29,1293.55,157.1
2011-06-30,1289.55,161.95
2011-07-01,1309.15,162.35
2011-07-04,1334.2,160.85
2011-07-05,1327.95,159.9
2011-07-06,1310.15,161.0
2011-07-07,1331.7,162.05
2011-07-08,1305.95,157.85
2011-07-11,1263.95,157.1
2011-07-12,1266.4,153.9
2011-07-13,1271.8,154.5
2011-07-14,1279.25,156.8
2011-07-15,1267.9,156.75
2011-07-18,1262.5,154.85
2011-07-19,1273.05,160.4
2011-07-20,1262.65,155.95
2011-07-21,1239.6,157.35
2011-07-22,1296.9,160.75
2011-07-25,1337.25,158.95
2011-07-26,1319.55,158.9
2011-07-27,1300.5,156.25
2011-07-28,1301.5,154.95
2011-07-29,1337.5,143.55
2011-08-01,1353.0,145.1
2011-08-02,1342.8,141.55
2011-08-03,1301.15,142.7
2011-08-04,1285.95,138.15
2011-08-05,1242.05,139.75
2011-08-08,1235.45,136.15
2011-08-09,1205.2,133.45
2011-08-10,1250.1,137.95
2011-08-11,1210.85,135.45
2011-08-12,1209.25,136.45
2011-08-16,1212.45,139.7
2011-08-17,1169.8,138.6
2011-08-18,1109.25,136.45
2011-08-19,1069.6,136.3
2011-08-22,1051.1,136.05
2011-08-23,1083.55,138.45
2011-08-24,1049.7,146.8
2011-08-25,1019.25,140.4
2011-08-26,1000.3,140.55
2011-08-29,1039.45,145.35
2011-08-30,1072.75,152.1
2011-09-02,1080.4,157.5
2011-09-05,1114.45,157.25
2011-09-06,1140.45,154.05
2011-09-07,1143.45,160.05
2011-09-08,1150.55,160.75
2011-09-09,1103.3,154.15
2011-09-12,1051.55,152.35
2011-09-13,1049.85,152.55
2011-09-14,1088.7,149.05
2011-09-15,1115.7,149.35
2011-09-16,1133.35,150.8
2011-09-19,1104.65,154.1
2011-09-20,1143.9,154.35
2011-09-21,1156.6,157.1
2011-09-22,1112.4,146.45
2011-09-23,1086.85,149.65
2011-09-26,1056.0,152.3
2011-09-27,1088.0,157.45
2011-09-28,1072.7,160.3
2011-09-29,1069.75,163.95
2011-09-30,1018.9,164.35
2011-10-03,988.5,153.1
2011-10-04,959.75,147.45
2011-10-05,952.0,150.65
2011-10-07,1030.3,156.45
2011-10-10,1048.85,154.85
2011-10-11,1052.75,153.45
2011-10-12,1093.35,155.0
2011-10-13,1086.55,156.4
2011-10-14,1103.35,155.45
2011-10-17,1121.85,155.9
2011-10-18,1097.55,152.25
2011-10-19,1132.75,150.4
2011-10-20,1130.6,151.8
2011-10-21,1127.7,150.45
2011-10-24,1168.55,156.5
2011-10-25,1117.75,161.25
2011-10-26,1122.95,161.75
2011-10-28,1150.5,163.4
2011-10-31,1159.35,163.95
2011-11-01,1135.95,160.1
2011-11-02,1125.95,158.05
2011-11-03,1115.85,162.2
2011-11-04,1128.5,165.0
2011-11-08,1140.35,161.55
2011-11-09,1112.3,158.65
2011-11-11,1057.0,150.45
2011-11-14,1049.5,155.15
2011-11-15,1008.4,144.6
2011-11-16,1006.15,132.55
2011-11-17,985.55,132.15
2011-11-18,964.2,137.9
2011-11-21,947.0,136.6
2011-11-22,947.0,132.35
2011-11-23,937.1,123.55
2011-11-24,957.25,117.7
2011-11-25,967.25,123.35
2011-11-28,991.4,126.4
2011-11-29,975.8,128.3
2011-11-30,947.65,125.75
2011-12-01,972.6,126.2
2011-12-02,1005.95,130.3
2011-12-05,1032.15,129.15
2011-12-07,1039.55,132.1
2011-12-08,1003.4,128.85
2011-12-09,991.9,127.3
2011-12-12,970.4,129.0
2011-12-13,959.9,128.15
2011-12-14,959.15,130.4
2011-12-15,949.1,127.05
2011-12-16,904.05,126.65
2011-12-19,849.05,119.7
2011-12-20,820.3,121.5
2011-12-21,854.3,123.65
2011-12-22,873.65,123.95
2011-12-23,879.95,124.9
2011-12-26,872.0,123.55
2011-12-27,845.25,125.45
2011-12-28,832.6,120.6
2011-12-29,815.55,124.2
2011-12-30,808.1,120.05
2012-01-02,794.8,114.7
2012-01-03,837.55,120.3
2012-01-04,848.15,122.85
2012-01-05,870.65,126.7
2012-01-06,853.5,127.7
2012-01-07,852.2,127.3
2012-01-09,858.2,132.2
2012-01-10,894.75,136.45
2012-01-11,933.65,137.05
2012-01-12,940.5,132.65
2012-01-13,939.7,131.55
2012-01-16,935.25,135.5
2012-01-17,962.25,140.0
2012-01-18,933.25,141.7
2012-01-19,955.05,149.4
2012-01-20,1009.05,155.4
2012-01-23,996.95,146.75
2012-01-24,1032.6,150.05
2012-01-25,1063.65,143.2
2012-01-27,1073.05,147.1
2012-01-30,1023.45,138.4
2012-01-31,1075.05,146.25
2012-02-01,1088.1,143.9
2012-02-02,1075.9,151.0
2012-02-03,1099.35,150.25
2012-02-06,1110.05,148.1
2012-02-07,1113.6,139.15
2012-02-08,1127.2,140.3
2012-02-09,1134.5,137.95
2012-02-10,1118.05,142.9
2012-02-13,1116.35,143.05
2012-02-14,1129.65,144.15
2012-02-15,1221.0,147.15
2012-02-16,1224.3,147.6
2012-02-17,1278.2,150.5
2012-02-21,1287.6,152.65
2012-02-22,1216.05,143.85
2012-02-23,1217.7,144.05
2012-02-24,1183.45,142.7
2012-02-27,1114.5,143.65
2012-02-28,1170.55,148.1
2012-02-29,1177.75,148.65
2012-03-01,1152.9,146.85
2012-03-02,1166.65,147.35
2012-03-03,1172.1,146.15
2012-03-05,1150.0,143.2
2012-03-06,1147.5,143.55
2012-03-07,1164.85,145.25
2012-03-09,1213.4,135.0
2012-03-12,1225.0,129.9
2012-03-13,1240.6,131.1
2012-03-14,1274.05,135.75
2012-03-15,1242.4,132.05
2012-03-16,1216.2,133.15
2012-03-19,1198.95,131.85
2012-03-20,1186.35,132.35
2012-03-21,1228.75,131.15
2012-03-22,1176.5,125.9
2012-03-23,1179.35,123.45
2012-03-26,1125.15,120.55
2012-03-27,1141.5,121.5
2012-03-28,1115.6,118.25
2012-03-29,1122.05,124.2
2012-03-30,1146.2,129.5
2012-04-02,1154.8,129.5
2012-04-03,1175.8,129.4
2012-04-04,1166.65,131.65
2012-04-09,1145.95,133.75
2012-04-10,1153.55,131.95
2012-04-11,1157.4,127.35
2012-04-12,1196.5,128.25
2012-04-13,1162.15,129.9
2012-04-16,1196.85,128.9
2012-04-17,1211.65,129.65
2012-04-18,1196.3,129.75
2012-04-19,1195.55,134.1
2012-04-20,1177.15,130.65
2012-04-23,1134.45,127.25
2012-04-24,1113.9,128.65
2012-04-25,1094.75,129.65
2012-04-26,1086.65,124.6
2012-04-27,1104.0,126.35
2012-04-28,1121.2,125.95
2012-04-30,1106.95,127.8
2012-05-02,1103.25,126.05
2012-05-03,1058.3,124.95
2012-05-04,1009.75,124.1
2012-05-07,1022.55,127.7
2012-05-08,983.45,123.05
2012-05-09,961.15,122.85
2012-05-10,981.25,125.05
2012-05-11,1000.2,121.5
2012-05-14,997.65,114.9
2012-05-15,993.6,114.7
2012-05-16,971.4,111.0
2012-05-17,951.3,113.8
2012-05-18,949.4,111.7
2012-05-21,963.25,112.6
2012-05-22,965.55,111.75
2012-05-23,963.45,110.25
2012-05-24,997.8,112.0
2012-05-25,1000.4,113.8
2012-05-28,1029.4,114.9
2012-05-29,1024.0,118.3
2012-05-30,1000.8,119.0
2012-05-31,970.95,123.45
2012-06-01,964.55,125.35
2012-06-04,988.0,123.75
2012-06-05,989.65,122.85
2012-06-06,1020.35,124.15
2012-06-07,1057.1,125.1
2012-06-08,1049.4,124.8
2012-06-11,1036.85,123.65
2012-06-12,1057.6,122.55
2012-06-13,1044.65,120.8
2012-06-14,1013.05,114.5
2012-06-15,1032.55,114.75
2012-06-18,1000.15,115.2
2012-06-19,1001.55,114.95
2012-06-20,1000.75,117.45
2012-06-21,1025.45,117.55
2012-06-22,1014.3,117.85
2012-06-25,1012.3,116.7
2012-06-26,1002.75,118.05
2012-06-27,1000.95,118.4
2012-06-28,978.6,119.45
2012-06-29,1015.75,121.15
2012-07-02,1029.3,124.75
2012-07-03,1044.05,124.05
2012-07-04,1041.4,124.6
2012-07-05,1044.0,123.95
2012-07-06,1037.5,122.6
2012-07-09,1035.85,121.45
2012-07-10,1075.3,121.4
2012-07-11,1066.7,120.55
2012-07-12,1047.8,118.85
2012-07-13,1034.7,117.5
2012-07-16,1046.3,115.5
2012-07-17,1023.8,113.55
2012-07-18,1038.25,113.0
2012-07-19,1057.05,111.95
2012-07-20,1040.8,113.85
2012-07-23,1027.55,112.45
2012-07-24,1041.35,117.0
2012-07-25,1028.7,115.2
2012-07-26,1002.2,117.85
2012-07-27,997.15,114.1
2012-07-30,1040.35,118.85
2012-07-31,1044.15,120.45
2012-08-01,1046.0,120.9
2012-08-02,1058.5,121.6
2012-08-03,1041.1,121.55
2012-08-06,1063.6,124.05
2012-08-07,1091.3,122.75
2012-08-08,1096.7,124.3
2012-08-09,1087.2,127.0
2012-08-10,1070.0,126.9
2012-08-13,1080.85,125.2
2012-08-14,1107.2,128.15
2012-08-16,1113.95,127.15
2012-08-17,1110.2,123.5
2012-08-21,1110.7,119.85
2012-08-22,1108.0,116.55
2012-08-23,1094.65,110.8
2012-08-24,1075.45,112.0
2012-08-27,1039.1,108.0
2012-08-28,1017.25,108.85
2012-08-29,1018.45,109.45
2012-08-30,1013.25,114.5
2012-08-31,991.8,113.75
2012-09-03,977.6,116.25
2012-09-04,978.3,116.6
2012-09-05,930.25,115.6
2012-09-06,948.7,114.15
2012-09-07,976.85,112.95
2012-09-08,978.8,112.7
2012-09-10,952.95,112.7
2012-09-11,952.85,112.45
2012-09-12,956.0,110.9
2012-09-13,948.05,110.6
2012-09-14,1009.9,111.6
2012-09-17,1057.5,111.65
2012-09-18,1073.4,117.05
2012-09-20,1044.4,115.5
2012-09-21,1124.65,115.7
2012-09-24,1132.65,119.55
2012-09-25,1101.95,120.0
2012-09-26,1126.8,122.6
2012-09-27,1128.8,122.05
2012-09-28,1136.0,127.5
2012-10-01,1130.7,125.5
2012-10-03,1113.4,129.5
2012-10-04,1140.8,129.6
2012-10-05,1142.95,128.15
2012-10-08,1130.95,123.8
2012-10-09,1128.4,122.65
2012-10-10,1106.8,120.5
2012-10-11,1133.7,124.3
2012-10-12,1119.7,125.4
2012-10-15,1119.1,123.45
2012-10-16,1145.9,120.05
2012-10-17,1153.95,120.0
2012-10-18,1202.35,124.7
2012-10-19,1202.25,124.35
2012-10-22,1223.75,129.75
2012-10-23,1222.25,128.55
2012-10-25,1238.05,130.7
2012-10-26,1231.65,127.0
2012-10-29,1221.75,124.5
2012-10-30,1184.7,125.0
2012-10-31,1182.6,127.25
2012-11-01,1207.15,125.0
2012-11-02,1215.5,127.95
2012-11-05,1214.25,127.45
2012-11-06,1220.15,134.85
2012-11-07,1232.05,130.85
2012-11-08,1222.5,130.6
2012-11-09,1215.1,127.9
2012-11-12,1226.45,129.2
2012-11-13,1222.6,128.9
2012-11-15,1232.25,131.4
2012-11-16,1226.25,127.35
2012-11-19,1214.3,127.95
2012-11-20,1218.95,123.2
2012-11-21,1236.35,123.05
2012-11-22,1257.05,122.8
2012-11-23,1256.75,123.35
2012-11-26,1265.8,125.35
2012-11-27,1290.05,129.75
2012-11-29,1310.2,125.45
2012-11-30,1319.9,130.15
2012-12-03,1321.6,132.25
2012-12-04,1322.1,134.4
2012-12-05,1334.7,133.7
2012-12-06,1364.1,135.05
2012-12-07,1328.75,137.6
2012-12-10,1322.85,137.05
2012-12-11,1325.4,134.75
2012-12-12,1326.35,135.65
2012-12-13,1325.35,130.7
2012-12-14,1352.7,135.65
2012-12-17,1359.05,143.25
2012-12-18,1353.95,142.65
2012-12-19,1334.9,145.25
2012-12-20,1318.6,140.0
2012-12-21,1321.25,135.65
2012-12-24,1342.65,135.35
2012-12-26,1351.95,136.4
2012-12-27,1364.3,133.8
2012-12-28,1359.55,132.85
2012-12-31,1356.55,135.0
2013-01-01,1362.7,137.8
2013-01-02,1386.85,138.45
2013-01-03,1389.95,138.3
2013-01-04,1378.95,137.5
2013-01-07,1372.85,140.05
2013-01-08,1360.3,137.45
2013-01-09,1349.65,135.15
2013-01-10,1368.0,135.8
2013-01-11,1364.1,131.7
2013-01-14,1386.1,136.3
2013-01-15,1424.3,136.9
2013-01-16,1409.45,135.6
2013-01-17,1406.4,134.6
2013-01-18,1388.05,132.25
2013-01-21,1385.45,135.75
2013-01-22,1393.4,135.45
2013-01-23,1398.4,133.65
2013-01-24,1396.3,129.95
2013-01-25,1386.25,130.3
2013-01-28,1412.95,136.75
2013-01-29,1475.45,145.8
2013-01-30,1501.25,142.65
2013-01-31,1505.15,150.55
2013-02-01,1509.65,149.95
2013-02-04,1477.7,149.9
2013-02-05,1459.15,150.25
2013-02-06,1460.1,154.95
2013-02-07,1460.55,155.85
2013-02-08,1450.8,151.85
2013-02-11,1494.1,153.5
2013-02-12,1482.95,153.7
2013-02-13,1477.55,154.9
2013-02-14,1432.3,148.4
2013-02-15,1449.3,149.95
2013-02-18,1432.05,149.05
2013-02-19,1439.4,152.55
2013-02-20,1439.4,150.45
2013-02-21,1404.8,145.6
2013-02-22,1411.9,149.7
2013-02-25,1401.15,148.1
2013-02-26,1367.75,141.45
2013-02-27,1400.0,143.3
2013-02-28,1344.15,138.65
2013-03-01,1363.7,140.1
2013-03-04,1368.9,136.15
2013-03-05,1403.2,145.95
2013-03-06,1402.15,144.3
2013-03-07,1403.3,145.9
2013-03-08,1407.0,145.95
2013-03-11,1401.2,142.0
2013-03-12,1384.75,138.9
2013-03-13,1346.7,135.4
2013-03-14,1352.8,139.95
2013-03-15,1339.85,138.8
2013-03-18,1325.1,139.05
2013-03-19,1321.5,136.0
2013-03-20,1299.25,132.35
2013-03-21,1311.7,127.3
2013-03-22,1300.05,124.1
2013-03-25,1309.35,128.05
2013-03-26,1294.2,131.4
2013-03-28,1300.7,138.7
2013-04-01,1314.9,142.45
2013-04-02,1301.35,147.15
2013-04-03,1278.15,146.05
2013-04-04,1243.85,140.75
2013-04-05,1229.55,144.75
2013-04-08,1203.2,144.05
2013-04-09,1203.2,145.3
2013-04-10,1239.3,151.3
2013-04-11,1252.15,149.3
2013-04-12,1264.3,148.5
2013-04-15,1294.2,145.4
2013-04-16,1363.3,146.2
2013-04-17,1377.2,141.0
2013-04-18,1429.4,145.25
2013-04-22,1441.15,150.35
2013-04-23,1444.8,147.3
2013-04-25,1503.4,145.5
2013-04-26,1486.35,144.85
2013-04-29,1475.4,145.4
2013-04-30,1492.7,145.0
2013-05-02,1516.0,146.3
2013-05-03,1474.8,155.55
2013-05-06,1459.75,152.45
2013-05-07,1503.95,150.35
2013-05-08,1489.7,154.4
2013-05-09,1454.15,151.55
2013-05-10,1469.9,150.95
2013-05-11,1472.45,151.1
2013-05-13,1452.0,150.35
2013-05-14,1467.5,149.95
2013-05-15,1508.7,152.5
2013-05-16,1530.9,162.0
2013-05-17,1535.25,168.25
2013-05-20,1529.7,167.6
2013-05-21,1520.55,160.65
2013-05-22,1512.95,154.65
2013-05-23,1455.2,152.45
2013-05-24,1461.2,156.65
2013-05-27,1478.15,158.0
2013-05-28,1468.5,157.85
2013-05-29,1459.6,153.5
2013-05-30,1432.7,154.65
2013-05-31,1430.55,152.05
2013-06-03,1430.85,153.55
2013-06-04,1395.45,155.35
2013-06-05,1382.25,154.55
2013-06-06,1418.1,152.5
2013-06-07,1378.25,152.05
2013-06-10,1355.25,150.8
2013-06-11,1322.7,148.3
2013-06-12,1274.45,144.15
2013-06-13,1270.65,143.3
2013-06-14,1298.0,148.6
2013-06-17,1316.05,150.0
2013-06-18,1286.6,153.95
2013-06-19,1285.05,150.35
2013-06-20,1239.8,148.9
2013-06-21,1259.7,151.45
2013-06-24,1243.05,150.75
2013-06-25,1231.45,145.0
2013-06-26,1248.4,147.8
2013-06-27,1275.05,149.75
2013-06-28,1325.2,150.3
2013-07-01,1348.8,151.55
2013-07-02,1308.5,150.05
2013-07-03,1277.85,149.15
2013-07-04,1264.95,148.9
2013-07-05,1288.05,148.4
2013-07-08,1252.55,149.2
2013-07-09,1264.35,149.3
2013-07-10,1256.75,149.25
2013-07-11,1287.75,150.0
2013-07-12,1291.55,151.85
2013-07-15,1308.9,149.3
2013-07-16,1230.85,148.6
2013-07-17,1193.7,146.7
2013-07-18,1238.2,149.75
2013-07-19,1191.9,146.7
2013-07-22,1200.1,145.65
2013-07-23,1202.85,146.8
2013-07-24,1125.15,145.65
2013-07-25,1127.25,147.35
2013-07-26,1107.5,143.6
2013-07-29,1098.25,139.45
2013-07-30,1093.0,135.7
2013-07-31,1034.55,125.25
2013-08-01,1085.8,140.95
2013-08-02,1103.2,125.25
2013-08-05,1124.35,123.25
2013-08-06,1089.85,130.05
2013-08-07,1068.75,134.2
2013-08-08,1085.6,142.2
2013-08-12,1070.45,144.35
2013-08-13,1142.75,144.35
2013-08-14,1149.6,145.45
2013-08-16,1048.95,141.95
2013-08-19,988.0,131.25
2013-08-20,981.3,127.7
2013-08-21,977.95,126.7
2013-08-22,969.65,122.3
2013-08-23,981.5,123.35
2013-08-26,934.1,123.8
2013-08-27,877.65,123.5
2013-08-28,837.95,122.8
2013-08-29,850.75,127.75
2013-08-30,832.95,125.95
2013-09-02,864.3,130.4
2013-09-03,782.85,121.95
2013-09-04,801.5,123.7
2013-09-05,927.5,122.55
2013-09-06,952.4,126.85
2013-09-10,998.3,129.4
2013-09-11,1029.7,128.2
2013-09-12,1019.95,129.15
2013-09-13,1059.6,136.2
2013-09-16,1087.55,136.25
2013-09-17,1053.55,132.3
2013-09-18,1079.6,133.05
2013-09-19,1140.2,137.95
2013-09-20,1102.35,139.7
2013-09-23,1030.05,139.6
2013-09-24,1025.55,138.9
2013-09-25,1034.05,140.7
2013-09-26,1031.35,141.05
2013-09-27,1030.9,140.6
2013-09-30,1007.85,138.05
2013-10-01,1044.1,138.7
2013-10-03,1104.7,140.85
2013-10-04,1092.55,142.9
2013-10-07,1071.85,144.7
2013-10-08,1066.8,144.5
2013-10-09,1079.3,145.8
2013-10-10,1066.25,145.8
2013-10-11,1099.65,150.4
2013-10-14,1109.1,150.95
2013-10-15,1081.45,151.3
2013-10-17,1096.35,150.15
2013-10-18,1156.2,152.75
2013-10-21,1175.85,156.9
2013-10-22,1201.15,159.8
2013-10-23,1210.1,159.0
2013-10-24,1207.2,154.9
2013-10-25,1190.75,144.4
2013-10-28,1191.5,145.1
2013-10-29,1250.4,145.1
2013-10-30,1221.9,146.45
2013-10-31,1222.7,145.5
2013-11-01,1218.9,144.85
2013-11-03,1219.3,144.55
2013-11-05,1227.0,151.85
2013-11-06,1213.0,150.9
2013-11-07,1171.3,148.3
2013-11-08,1119.2,148.4
2013-11-11,1077.15,149.9
2013-11-12,1047.85,146.2
2013-11-13,1030.6,145.25
2013-11-14,1097.1,152.8
2013-11-18,1139.85,154.8
2013-11-19,1135.05,154.6
2013-11-20,1131.45,156.3
2013-11-21,1086.3,152.05
2013-11-22,1082.25,152.7
2013-11-25,1115.45,161.25
2013-11-26,1116.1,158.05
2013-11-27,1120.85,151.7
2013-11-28,1120.25,157.05
2013-11-29,1155.95,157.95
2013-12-02,1190.75,159.7
2013-12-03,1193.65,158.1
2013-12-04,1191.05,154.45
2013-12-05,1241.5,160.4
2013-12-06,1279.75,163.3
2013-12-09,1303.5,164.85
2013-12-10,1264.85,159.95
2013-12-11,1273.2,156.95
2013-12-12,1247.7,154.2
2013-12-13,1239.8,152.0
2013-12-16,1261.4,156.35
2013-12-17,1256.1,157.55
2013-12-18,1282.85,158.3
2013-12-19,1257.0,167.2
2013-12-20,1277.85,163.2
2013-12-23,1291.25,161.95
2013-12-24,1282.95,159.3
2013-12-26,1297.05,159.95
2013-12-27,1294.5,160.0
2013-12-30,1286.25,157.05
2013-12-31,1299.55,155.4
2014-01-01,1292.2,156.3
2014-01-02,1272.3,152.65
2014-01-03,1260.9,149.9
2014-01-06,1256.3,150.85
2014-01-07,1234.25,145.95
2014-01-08,1211.75,150.75
2014-01-09,1184.85,149.55
2014-01-10,1164.05,148.3
2014-01-13,1184.9,143.75
2014-01-14,1177.05,147.05
2014-01-15,1178.3,150.1
2014-01-16,1176.15,150.8
2014-01-17,1152.95,148.65
2014-01-20,1163.2,150.95
2014-01-21,1188.55,147.65
2014-01-22,1188.85,147.9
2014-01-23,1216.0,148.3
2014-01-24,1204.6,145.0
2014-01-27,1161.1,143.95
2014-01-28,1121.75,142.0
2014-01-29,1140.25,146.65
2014-01-30,1108.8,141.65
2014-01-31,1122.95,146.95
2014-02-03,1123.9,143.95
2014-02-04,1121.8,146.9
2014-02-05,1123.7,145.7
2014-02-06,1102.95,146.4
2014-02-07,1125.45,147.5
2014-02-10,1118.95,148.05
2014-02-11,1120.95,148.25
2014-02-12,1119.6,146.05
2014-02-13,1101.5,144.15
2014-02-14,1103.05,147.05
2014-02-17,1115.25,151.2
2014-02-18,1165.4,159.65
2014-02-19,1166.15,164.1
2014-02-20,1157.85,164.8
2014-02-21,1193.35,167.25
2014-02-24,1238.2,164.5
2014-02-25,1236.75,159.0
2014-02-26,1239.25,160.75
2014-02-28,1267.05,167.25
2014-03-03,1255.5,171.65
2014-03-04,1293.55,175.45
2014-03-05,1307.65,176.9
2014-03-06,1329.5,179.15
2014-03-07,1406.8,186.9
2014-03-10,1426.55,187.85
2014-03-11,1417.5,184.6
2014-03-12,1397.9,183.65
2014-03-13,1381.15,179.2
2014-03-14,1354.9,183.2
2014-03-18,1349.1,188.75
2014-03-19,1385.55,185.2
2014-03-20,1357.35,181.6
2014-03-21,1394.25,181.7
2014-03-22,1389.2,181.6
2014-03-24,1410.7,178.5
2014-03-25,1400.9,179.9
2014-03-26,1430.1,178.8
2014-03-27,1429.95,179.75
2014-03-28,1461.95,186.15
2014-03-31,1460.5,187.45
2014-04-01,1468.5,186.3
2014-04-02,1467.15,186.0
2014-04-03,1434.85,181.3
2014-04-04,1428.15,179.85
2014-04-07,1422.05,177.0
2014-04-09,1483.95,183.45
2014-04-10,1503.7,193.0
2014-04-11,1495.75,193.65
2014-04-15,1445.2,187.0
2014-04-16,1431.95,194.1
2014-04-17,1464.65,198.4
2014-04-21,1503.8,204.0
2014-04-22,1500.1,204.8
2014-04-23,1519.8,204.45
2014-04-25,1532.7,198.7
2014-04-28,1529.55,192.15
2014-04-29,1528.4,191.55
2014-04-30,1517.2,188.2
2014-05-02,1530.15,185.85
2014-05-05,1551.55,186.05
2014-05-06,1536.95,192.5
2014-05-07,1537.7,189.5
2014-05-08,1553.75,190.2
2014-05-09,1629.0,204.7
2014-05-12,1646.55,204.6
2014-05-13,1648.75,224.5
2014-05-14,1636.5,217.05
2014-05-15,1664.05,220.4
2014-05-16,1755.0,225.0
2014-05-19,1859.6,231.65
2014-05-20,1856.95,235.8
2014-05-21,1815.15,225.65
2014-05-22,1841.65,225.05
2014-05-23,1864.5,227.7
2014-05-26,1872.95,223.25
2014-05-27,1849.05,214.45
2014-05-28,1859.9,220.4
2014-05-29,1865.7,211.9
2014-05-30,1836.15,227.5
2014-06-02,1900.85,226.15
2014-06-03,1899.65,240.3
2014-06-04,1924.7,243.85
2014-06-05,1946.35,241.65
2014-06-06,1973.6,257.65
2014-06-09,1967.25,254.0
2014-06-10,1932.5,246.05
2014-06-11,1940.8,238.2
2014-06-12,1902.75,236.95
2014-06-13,1818.0,230.6
2014-06-16,1773.1,228.1
2014-06-17,1839.6,236.1
2014-06-18,1848.5,231.05
2014-06-19,1841.8,225.95
2014-06-20,1866.35,232.6
2014-06-23,1882.95,237.0
2014-06-24,1925.0,238.0
2014-06-25,1912.7,237.15
2014-06-26,1927.6,234.55
2014-06-27,1909.2,231.4
2014-06-30,1918.85,243.7
2014-07-01,1920.05,244.2
2014-07-02,1926.85,271.25
2014-07-03,1925.7,270.4
2014-07-04,1935.9,275.55
2014-07-07,1923.0,280.7
2014-07-08,1888.25,258.45
2014-07-09,1873.6,264.9
2014-07-10,1862.05,270.3
2014-07-11,1816.65,248.7
2014-07-14,1846.6,252.8
2014-07-15,1898.9,262.95
2014-07-16,1963.8,281.0
2014-07-17,1954.2,285.65
2014-07-18,1995.8,288.3
2014-07-21,2023.35,288.1
2014-07-22,2016.3,284.8
2014-07-23,2000.05,279.8
2014-07-24,1996.7,275.7
2014-07-25,1985.75,268.05
2014-07-28,395.35,266.0
2014-07-30,401.7,263.65
2014-07-31,391.65,260.55
2014-08-01,387.0,259.25
2014-08-04,390.85,265.45
2014-08-05,392.95,265.8
2014-08-06,383.2,268.5
2014-08-07,381.1,266.15
2014-08-08,371.0,262.1
2014-08-11,376.75,270.0
2014-08-12,381.85,271.35
2014-08-13,373.9,274.4
2014-08-14,377.8,272.4
2014-08-18,394.7,273.6
2014-08-19,397.85,287.15
2014-08-20,394.2,293.15
2014-08-21,398.65,296.9
2014-08-22,402.8,297.7
2014-08-25,398.75,293.35
2014-08-26,397.6,298.0
2014-08-27,398.75,288.25
2014-08-28,397.25,282.85
2014-09-01,405.4,286.5
2014-09-02,409.25,288.85
2014-09-03,413.7,289.1
2014-09-04,416.4,289.3
2014-09-05,415.95,290.15
2014-09-08,420.75,299.8
2014-09-09,418.7,295.2
2014-09-10,416.5,293.45
2014-09-11,418.5,293.45
2014-09-12,416.95,293.5
2014-09-15,411.65,291.8
2014-09-16,399.15,279.7
2014-09-17,397.95,282.45
2014-09-18,405.3,294.6
2014-09-19,407.65,284.95
2014-09-22,408.2,285.8
2014-09-23,399.1,273.1
2014-09-24,397.0,268.25
2014-09-25,377.85,267.9
2014-09-26,389.55,279.95
2014-09-29,386.05,281.45
2014-09-30,377.7,277.55
2014-10-01,379.95,275.15
2014-10-07,373.6,259.9
2014-10-08,379.0,261.15
2014-10-09,387.4,269.8
2014-10-10,379.2,258.9
2014-10-13,386.9,260.5
2014-10-14,397.1,260.15
2014-10-16,393.65,252.95
2014-10-17,401.6,250.35
2014-10-20,417.85,258.9
2014-10-21,423.05,261.9
2014-10-22,424.45,269.0
2014-10-23,423.75,270.0
2014-10-27,426.8,263.85
2014-10-28,424.2,261.4
2014-10-29,425.55,271.95
2014-10-30,430.2,271.85
2014-10-31,439.4,285.65
2014-11-03,445.25,291.5
2014-11-05,457.95,288.75
2014-11-07,469.05,292.9
2014-11-10,460.5,290.7
2014-11-11,466.7,291.5
2014-11-12,481.15,300.7
2014-11-13,473.6,294.25
2014-11-14,476.9,297.25
2014-11-17,475.9,296.1
2014-11-18,474.0,303.1
2014-11-19,470.2,300.15
2014-11-20,466.65,300.25
2014-11-21,476.95,303.05
2014-11-24,478.15,306.3
2014-11-25,470.75,298.7
2014-11-26,470.3,296.8
2014-11-27,469.4,290.35
2014-11-28,481.2,290.25
2014-12-01,489.15,289.0
2014-12-02,493.0,286.15
2014-12-03,499.05,291.25
2014-12-04,499.95,286.2
2014-12-05,498.55,284.55
2014-12-08,496.6,276.8
2014-12-09,488.8,269.2
2014-12-10,489.25,275.25
2014-12-11,490.5,278.1
2014-12-12,483.4,277.45
2014-12-15,476.75,288.05
2014-12-16,472.0,274.5
2014-12-17,474.85,273.75
2014-12-18,487.95,289.95
2014-12-19,490.25,289.9
2014-12-22,498.3,290.3
2014-12-23,493.8,288.15
2014-12-24,494.3,283.05
2014-12-26,494.45,289.2
2014-12-29,494.1,293.1
2014-12-30,498.8,316.0
2014-12-31,502.4,319.05
2015-01-01,503.05,319.55
2015-01-02,514.3,319.35
2015-01-05,517.55,323.8
2015-01-06,499.05,321.85
2015-01-07,498.65,321.1
2015-01-08,501.95,334.55
2015-01-09,494.95,331.15
2015-01-12,501.55,328.45
2015-01-13,504.5,323.0
2015-01-14,499.6,331.25
2015-01-15,514.05,330.6
2015-01-16,514.8,330.85
2015-01-19,528.95,328.35
2015-01-20,551.4,330.5
2015-01-21,547.25,329.35
2015-01-22,564.75,329.4
2015-01-23,565.15,346.9
2015-01-27,592.1,345.15
2015-01-28,590.6,339.25
2015-01-29,599.5,344.15
2015-01-30,588.1,341.05
2015-02-02,617.3,335.9
2015-02-03,586.6,327.8
2015-02-04,558.6,321.25
2015-02-05,565.9,312.2
2015-02-06,563.15,300.2
2015-02-09,553.6,300.15
2015-02-10,554.1,317.85
2015-02-11,569.25,326.1
2015-02-12,578.75,336.6
2015-02-13,581.1,335.35
2015-02-16,570.3,331.25
2015-02-18,569.5,333.8
2015-02-19,565.25,333.85
2015-02-20,561.5,329.0
2015-02-23,549.05,323.4
2015-02-24,551.8,334.05
2015-02-25,553.0,328.2
2015-02-26,552.3,327.3
2015-02-27,567.15,346.25
2015-02-28,612.6,330.75
2015-03-02,647.55,330.35
2015-03-03,631.4,336.55
2015-03-04,612.75,332.0
2015-03-05,616.8,333.05
2015-03-09,591.6,325.0
2015-03-10,585.45,317.55
2015-03-11,583.85,307.8
2015-03-12,584.1,310.25
2015-03-13,570.0,306.25
2015-03-16,568.6,313.3
2015-03-17,580.1,319.55
2015-03-18,581.25,316.65
2015-03-19,563.55,312.9
2015-03-20,556.25,308.15
2015-03-23,555.2,303.85
2015-03-24,558.05,307.1
2015-03-25,562.2,314.75
2015-03-26,544.3,304.2
2015-03-27,546.4,305.0
2015-03-30,563.55,308.55
2015-03-31,560.2,308.2
2015-04-01,569.65,310.95
2015-04-06,569.05,321.25
2015-04-07,557.85,323.9
2015-04-08,555.9,319.15
2015-04-09,572.15,316.7
2015-04-10,568.05,319.8
2015-04-13,566.0,330.8
2015-04-15,550.2,325.75
2015-04-16,550.8,327.5
2015-04-17,533.7,322.75
2015-04-20,518.25,313.5
2015-04-21,523.2,314.45
2015-04-22,540.1,313.7
2015-04-23,538.2,318.6
2015-04-24,527.25,316.3
2015-04-27,524.2,305.95
2015-04-28,535.0,306.1
2015-04-29,551.95,312.85
2015-04-30,567.8,317.55
2015-05-04,568.35,347.2
2015-05-05,565.85,342.7
2015-05-06,543.3,331.2
2015-05-07,527.35,322.8
2015-05-08,540.8,335.1
2015-05-11,551.1,344.05
2015-05-12,532.35,334.9
2015-05-13,558.5,340.45
2015-05-14,555.85,333.95
2015-05-15,562.05,329.0
2015-05-18,567.5,339.35
2015-05-19,561.45,339.85
2015-05-20,558.25,343.05
2015-05-21,570.45,348.4
2015-05-22,568.65,348.95
2015-05-25,562.1,342.9
2015-05-26,564.25,345.25
2015-05-27,577.8,338.9
2015-05-28,574.65,333.0
2015-05-29,585.4,323.85
2015-06-01,578.45,311.55
2015-06-02,553.1,309.15
2015-06-03,550.9,297.25
2015-06-04,556.4,311.2
2015-06-05,548.4,311.3
2015-06-08,553.6,302.15
2015-06-09,558.7,306.55
2015-06-10,564.5,312.95
2015-06-11,546.75,304.25
2015-06-12,551.45,312.05
2015-06-15,550.05,310.05
2015-06-16,551.15,313.2
2015-06-17,549.25,311.0
2015-06-18,550.05,311.0
2015-06-19,551.55,304.6
2015-06-22,572.15,311.05
2015-06-23,571.3,316.05
2015-06-24,571.5,311.55
2015-06-25,570.05,312.55
2015-06-26,565.5,311.2
2015-06-29,562.7,306.65
2015-06-30,558.95,307.9
2015-07-01,578.65,311.3
2015-07-02,584.0,316.05
2015-07-03,585.95,320.8
2015-07-06,584.2,320.1
2015-07-07,586.2,333.05
2015-07-08,576.65,320.65
2015-07-09,571.7,315.15
2015-07-10,578.1,317.1
2015-07-13,581.95,321.4
2015-07-14,583.9,315.9
2015-07-15,584.0,319.65
2015-07-16,608.65,326.9
2015-07-17,602.1,329.3
2015-07-20,599.9,328.8
2015-07-21,584.65,322.65
2015-07-22,589.85,324.5
2015-07-23,583.75,331.35
2015-07-24,580.45,323.9
2015-07-27,555.8,313.95
2015-07-28,561.25,313.45
2015-07-29,567.2,314.7
2015-07-30,565.7,318.35
2015-07-31,573.5,325.0
2015-08-03,576.7,330.7
2015-08-04,580.1,339.15
2015-08-05,580.4,339.85
2015-08-06,584.75,346.75
2015-08-07,580.3,339.55
2015-08-10,575.9,338.55
2015-08-11,571.25,331.8
2015-08-12,557.85,322.2
2015-08-13,567.55,334.7
2015-08-14,570.0,363.75
2015-08-17,561.4,358.3
2015-08-18,561.35,363.45
2015-08-19,554.0,365.5
2015-08-20,533.4,368.55
2015-08-21,525.3,365.05
2015-08-24,482.05,334.6
2015-08-25,502.95,344.8
2015-08-26,495.6,347.85
2015-08-27,509.25,356.55
2015-08-28,508.15,362.65
2015-08-31,507.75,355.45
2015-09-01,480.1,342.25
2015-09-02,466.6,334.55
2015-09-03,486.9,339.4
2015-09-04,468.0,339.35
2015-09-07,449.85,322.65
2015-09-08,473.9,317.55
2015-09-09,486.25,324.05
2015-09-10,482.6,326.2
2015-09-11,481.25,322.95
2015-09-14,496.2,329.95
2015-09-15,482.75,332.8
2015-09-16,494.25,334.2
2015-09-18,517.45,339.7
2015-09-21,528.0,332.9
2015-09-22,509.7,319.1
2015-09-23,511.7,310.85
2015-09-24,513.95,301.85
2015-09-28,506.7,307.2
2015-09-29,504.5,297.4
2015-09-30,495.65,299.0
2015-10-01,496.25,305.05
2015-10-05,513.25,317.85
2015-10-06,506.4,315.8
2015-10-07,496.8,314.55
2015-10-08,491.5,320.75
2015-10-09,490.45,318.55
2015-10-12,487.05,320.75
2015-10-13,490.9,323.55
2015-10-14,495.5,324.5
2015-10-15,498.7,329.0
2015-10-16,504.65,323.7
2015-10-19,506.65,317.7
2015-10-20,509.4,309.85
2015-10-21,511.75,314.2
2015-10-23,525.65,314.15
2015-10-26,521.05,316.35
2015-10-27,521.8,311.3
2015-10-28,482.9,300.65
2015-10-29,468.95,300.1
2015-10-30,475.4,296.25
2015-11-02,478.25,295.55
2015-11-03,474.65,291.2
2015-11-04,472.5,289.45
2015-11-05,463.8,284.1
2015-11-06,465.15,285.05
2015-11-09,464.95,276.05
2015-11-10,468.35,265.6
2015-11-11,480.35,267.5
2015-11-13,484.95,267.35
2015-11-16,481.45,272.1
2015-11-17,475.6,270.75
2015-11-18,463.55,267.3
2015-11-19,463.05,270.75
2015-11-20,459.85,269.7
2015-11-23,462.7,276.5
2015-11-24,463.85,270.25
2015-11-26,465.3,268.0
2015-11-27,471.0,268.25
2015-11-30,469.15,267.7
2015-12-01,461.6,263.25
2015-12-02,459.5,261.4
2015-12-03,462.5,258.85
2015-12-04,460.5,255.55
2015-12-07,462.3,255.1
2015-12-08,458.8,251.05
2015-12-09,450.6,244.0
2015-12-10,449.95,246.9
2015-12-11,440.65,241.15
2015-12-14,431.35,254.55
2015-12-15,436.1,252.1
2015-12-16,438.15,251.65
2015-12-17,435.55,256.3
2015-12-18,432.55,260.2
2015-12-21,442.35,260.6
2015-12-22,446.7,257.6
2015-12-23,452.0,257.3
2015-12-24,450.75,258.1
2015-12-28,455.35,262.0
2015-12-29,458.35,263.55
2015-12-30,455.1,261.75
2015-12-31,449.1,260.9
2016-01-01,449.9,267.55
2016-01-04,438.4,257.95
2016-01-05,436.45,255.7
2016-01-06,430.7,251.8
2016-01-07,409.25,245.0
2016-01-08,413.7,241.4
2016-01-11,417.2,234.05
2016-01-12,406.1,236.6
2016-01-13,406.7,230.2
2016-01-14,390.6,227.8
2016-01-15,374.25,218.25
2016-01-18,373.2,219.3
2016-01-19,393.0,232.85
2016-01-20,387.6,219.4
2016-01-21,409.15,221.3
2016-01-22,424.15,221.75
2016-01-25,420.85,218.4
2016-01-27,415.4,215.35
2016-01-28,405.65,210.85
2016-01-29,408.4,212.25
2016-02-01,399.3,221.1
2016-02-02,390.9,213.25
2016-02-03,380.55,210.2
2016-02-04,382.75,215.7
2016-02-05,399.55,211.1
2016-02-08,408.55,212.05
2016-02-09,399.9,210.4
2016-02-10,393.6,202.85
2016-02-11,377.2,186.85
2016-02-12,391.1,178.05
2016-02-15,417.65,191.15
2016-02-16,405.8,200.35
2016-02-17,403.1,212.5
2016-02-18,398.05,210.4
2016-02-19,392.5,209.4
2016-02-22,397.15,205.9
2016-02-23,385.15,204.2
2016-02-24,386.65,200.15
2016-02-25,378.2,198.45
2016-02-26,386.35,200.1
2016-02-29,375.75,196.7
2016-03-01,392.0,206.9
2016-03-02,407.25,218.8
2016-03-03,417.15,227.5
2016-03-04,416.05,225.15
2016-03-08,411.75,228.25
2016-03-09,416.85,226.0
2016-03-10,413.0,226.45
2016-03-11,412.8,231.2
2016-03-14,415.45,232.4
2016-03-15,418.85,228.25
2016-03-16,424.6,228.55
2016-03-17,428.15,235.7
2016-03-18,436.1,241.95
2016-03-21,444.5,243.85
2016-03-22,441.25,239.55
2016-03-23,437.5,238.3
2016-03-28,422.9,235.65
2016-03-29,429.45,237.85
2016-03-30,444.25,245.95
2016-03-31,444.15,247.7
2016-04-01,449.9,242.9
2016-04-04,444.75,242.55
2016-04-05,432.6,226.25
2016-04-06,424.65,224.35
2016-04-07,426.65,216.8
2016-04-08,421.6,219.25
2016-04-11,429.8,229.05
2016-04-12,434.05,233.6
2016-04-13,440.5,233.55
2016-04-18,445.25,231.3
2016-04-20,459.1,233.5
2016-04-21,467.95,229.35
2016-04-22,475.85,230.1
2016-04-25,469.9,231.8
2016-04-26,480.2,229.1
2016-04-27,465.5,241.25
2016-04-28,468.05,235.45
2016-04-29,472.4,238.2
2016-05-02,471.8,232.95
2016-05-03,470.55,235.5
2016-05-04,462.45,208.25
2016-05-05,461.05,198.0
2016-05-06,461.45,194.55
2016-05-09,477.1,196.75
2016-05-10,487.95,194.55
2016-05-11,498.2,193.0
2016-05-12,492.55,195.15
2016-05-13,490.65,188.55
2016-05-16,486.45,185.8
2016-05-17,503.35,183.25
2016-05-18,501.1,183.2
2016-05-19,490.5,171.55
2016-05-20,490.6,177.95
2016-05-23,486.5,181.1
2016-05-24,488.95,180.85
2016-05-25,502.15,182.85
2016-05-26,519.0,184.8
2016-05-27,512.4,191.7
2016-05-30,513.7,190.25
2016-05-31,515.2,192.15
2016-06-01,511.95,202.3
2016-06-02,524.35,205.2
2016-06-03,542.65,204.55
2016-06-06,532.85,203.7
2016-06-07,534.4,206.5
2016-06-08,539.0,203.4
2016-06-09,542.6,201.9
2016-06-10,541.05,202.75
2016-06-13,531.15,202.6
2016-06-14,529.65,208.6
2016-06-15,528.8,207.0
2016-06-16,523.45,208.5
2016-06-17,526.9,207.7
2016-06-20,522.45,206.8
2016-06-21,517.4,203.25
2016-06-22,516.2,207.35
2016-06-23,526.4,207.15
2016-06-24,510.5,201.9
2016-06-27,514.45,203.85
2016-06-28,514.0,202.9
2016-06-29,517.85,203.05
2016-06-30,533.5,206.85
2016-07-01,542.9,204.3
2016-07-04,543.85,213.25
2016-07-05,539.7,214.55
2016-07-07,542.25,210.05
2016-07-08,546.45,207.05
2016-07-11,544.4,217.45
2016-07-12,561.0,218.0
2016-07-13,556.85,217.3
2016-07-14,560.25,216.9
2016-07-15,565.05,220.5
2016-07-18,571.0,217.95
2016-07-19,565.45,220.6
2016-07-20,558.25,221.4
2016-07-21,538.05,223.2
2016-07-22,537.7,225.35
2016-07-25,538.1,226.15
2016-07-26,553.8,224.4
2016-07-27,548.85,228.7
2016-07-28,543.85,225.25
2016-07-29,546.15,232.4
2016-08-01,550.55,228.55
2016-08-02,549.65,224.65
2016-08-03,549.35,222.85
2016-08-04,547.5,227.9
2016-08-05,567.25,234.0
2016-08-08,571.15,240.65
2016-08-09,574.1,239.75
2016-08-10,567.9,258.45
2016-08-11,569.75,253.5
2016-08-12,591.0,258.25
2016-08-16,583.3,273.55
2016-08-17,589.5,267.65
2016-08-18,593.15,275.45
2016-08-19,588.55,273.05
2016-08-22,580.25,270.55
2016-08-23,582.5,272.5
2016-08-24,583.4,270.1
2016-08-25,586.55,261.75
2016-08-26,586.4,257.7
2016-08-29,589.15,262.6
2016-08-30,591.15,262.95
2016-08-31,596.85,262.95
2016-09-01,596.65,258.7
2016-09-02,599.2,268.2
2016-09-06,635.9,270.6
2016-09-07,625.1,272.25
2016-09-08,629.35,275.6
2016-09-09,613.1,272.2
2016-09-12,592.1,260.0
2016-09-14,601.8,264.7
2016-09-15,588.75,267.4
2016-09-16,602.2,271.15
2016-09-19,594.35,276.15
2016-09-20,592.95,270.1
2016-09-21,598.9,269.7
2016-09-22,591.8,275.35
2016-09-23,557.45,275.1
2016-09-26,547.4,270.4
2016-09-27,541.0,264.7
2016-09-28,549.1,271.0
2016-09-29,539.3,256.8
2016-09-30,541.35,256.75
2016-10-03,550.9,264.5
2016-10-04,546.6,268.7
2016-10-05,535.7,265.45
2016-10-06,530.8,264.9
2016-10-07,533.85,266.85
2016-10-10,531.55,264.0
2016-10-13,518.8,251.1
2016-10-14,520.65,254.35
2016-10-17,519.0,250.75
2016-10-18,532.45,267.0
2016-10-19,535.55,271.6
2016-10-20,540.05,285.25
2016-10-21,526.1,285.75
2016-10-24,521.55,285.65
2016-10-25,529.1,312.8
2016-10-26,487.55,305.1
2016-10-27,485.65,305.0
2016-10-28,486.9,307.0
2016-10-30,487.7,305.3
2016-11-01,475.8,305.15
2016-11-02,476.8,299.9
2016-11-03,475.85,288.2
2016-11-04,478.7,287.7
2016-11-07,485.4,293.5
2016-11-08,490.85,289.85
2016-11-09,487.55,282.4
2016-11-10,506.95,294.55
2016-11-11,498.75,276.75
2016-11-15,479.3,266.65
2016-11-16,472.7,265.25
2016-11-17,474.1,264.6
2016-11-18,473.45,261.9
2016-11-21,465.7,255.7
2016-11-22,470.75,260.8
2016-11-23,480.5,263.7
2016-11-24,468.2,257.7
2016-11-25,471.2,265.05
2016-11-28,472.9,272.75
2016-11-29,464.65,276.9
2016-11-30,469.85,277.9
2016-12-01,466.05,275.1
2016-12-02,459.95,265.9
2016-12-05,460.75,268.7
2016-12-06,455.95,271.9
2016-12-07,447.1,277.4
2016-12-08,449.35,287.1
2016-12-09,456.4,285.65
2016-12-12,445.1,281.35
2016-12-13,452.95,286.0
2016-12-14,467.2,283.85
2016-12-15,478.1,284.25
2016-12-16,472.8,280.25
2016-12-19,467.6,276.45
2016-12-20,461.65,272.4
2016-12-21,457.7,274.2
2016-12-22,447.55,263.55
2016-12-23,438.1,262.9
2016-12-26,432.0,260.0
2016-12-27,437.65,266.95
2016-12-28,440.05,268.5
2016-12-29,444.25,264.65
2016-12-30,449.95,268.45
2017-01-02,447.75,273.8
2017-01-03,455.25,273.95
2017-01-04,453.1,274.9
2017-01-05,458.05,287.5
2017-01-06,455.2,286.05
2017-01-09,452.75,284.7
2017-01-10,447.35,293.9
2017-01-11,453.6,295.65
2017-01-12,455.2,292.75
2017-01-13,472.8,294.05
2017-01-16,477.25,300.65
2017-01-17,487.2,294.85
2017-01-18,488.5,291.9
2017-01-19,483.8,295.35
2017-01-20,450.75,284.15
2017-01-23,445.0,286.25
2017-01-24,451.25,293.15
2017-01-25,463.55,304.65
2017-01-27,472.85,303.95
2017-01-30,471.9,302.6
2017-01-31,466.0,293.35
2017-02-01,475.65,304.6
2017-02-02,482.55,304.15
2017-02-03,490.7,303.55
2017-02-06,498.3,309.2
2017-02-07,493.4,303.65
2017-02-08,487.6,305.55
2017-02-09,485.25,304.8
2017-02-10,488.9,311.25
2017-02-13,490.3,309.55
2017-02-14,486.9,307.0
2017-02-15,488.2,299.95
2017-02-16,493.15,298.6
2017-02-17,489.1,297.25
2017-02-20,481.05,300.3
2017-02-21,504.35,304.15
2017-02-22,525.3,300.3
2017-02-23,528.15,297.25
2017-02-27,508.95,296.65
2017-02-28,506.65,301.75
2017-03-01,513.4,302.5
2017-03-02,506.3,293.85
2017-03-03,512.9,296.35
2017-03-06,518.65,303.15
2017-03-07,511.8,308.25
2017-03-08,510.15,306.5
2017-03-09,516.4,300.9
2017-03-10,515.9,298.8
2017-03-14,510.9,309.25
2017-03-15,511.7,310.3
2017-03-16,513.65,325.7
2017-03-17,517.15,325.4
2017-03-20,502.85,325.45
2017-03-21,488.3,325.75
2017-03-22,485.45,323.65
2017-03-23,488.25,325.6
2017-03-24,489.35,323.25
2017-03-27,487.15,319.3
2017-03-28,502.8,320.85
2017-03-29,504.2,321.0
2017-03-30,499.25,339.3
2017-03-31,490.8,339.6
2017-04-03,500.6,342.1
2017-04-05,508.3,358.15
2017-04-06,508.7,356.65
2017-04-07,504.2,347.15
2017-04-10,510.75,352.15
2017-04-11,515.05,333.8
2017-04-12,506.0,327.6
2017-04-13,507.55,320.45
2017-04-17,502.35,320.0
2017-04-18,499.65,319.35
2017-04-19,499.5,325.8
2017-04-20,488.0,332.4
2017-04-21,486.25,326.0
2017-04-24,498.65,331.0
2017-04-25,516.4,331.35
2017-04-26,517.15,323.5
2017-04-27,506.6,322.5
2017-04-28,509.65,327.7
2017-05-02,505.55,330.6
2017-05-03,500.85,327.45
2017-05-04,518.85,339.45
2017-05-05,504.5,344.95
2017-05-08,511.2,340.5
2017-05-09,518.2,347.5
2017-05-10,526.35,351.9
2017-05-11,516.9,360.05
2017-05-12,503.0,357.95
2017-05-15,500.1,356.2
2017-05-16,501.5,354.5
2017-05-17,502.8,348.55
2017-05-18,492.0,347.9
2017-05-19,501.7,349.45
2017-05-22,502.3,354.45
2017-05-23,500.6,331.65
2017-05-24,499.3,339.65
2017-05-25,507.45,340.75
2017-05-26,511.45,348.0
2017-05-29,507.25,327.8
2017-05-30,514.4,340.35
2017-05-31,514.05,339.0
2017-06-01,509.3,349.2
2017-06-02,508.05,357.9
2017-06-05,513.65,361.05
2017-06-06,510.2,361.45
2017-06-07,514.2,359.1
2017-06-08,515.75,359.15
2017-06-09,513.65,359.85
2017-06-12,507.5,356.85
2017-06-13,506.45,359.4
2017-06-14,509.5,359.5
2017-06-15,507.6,360.0
2017-06-16,510.45,363.15
2017-06-19,520.15,373.8
2017-06-20,511.85,375.65
2017-06-21,507.75,369.95
2017-06-22,508.0,369.45
2017-06-23,504.65,365.45
2017-06-27,492.85,367.7
2017-06-28,492.0,364.5
2017-06-29,512.1,364.5
2017-06-30,517.35,363.05
2017-07-03,517.25,368.0
2017-07-04,508.4,371.7
2017-07-05,513.9,372.9
2017-07-06,509.5,373.05
2017-07-07,503.15,371.6
2017-07-10,509.95,374.95
2017-07-11,506.8,372.7
2017-07-12,506.75,373.85
2017-07-13,511.9,375.95
2017-07-14,512.95,375.6
2017-07-17,510.5,381.25
2017-07-18,516.55,381.9
2017-07-19,520.2,381.05
2017-07-20,540.0,380.0
2017-07-21,540.8,381.9
2017-07-24,534.8,388.45
2017-07-25,544.95,390.75
2017-07-26,528.85,393.05
2017-07-27,524.65,392.5
2017-07-28,515.1,395.75
2017-07-31,519.8,395.9
2017-08-01,516.55,404.0
2017-08-02,516.9,411.25
2017-08-03,506.0,407.35
2017-08-04,508.1,406.65
2017-08-07,505.8,414.25
2017-08-08,499.45,414.8
2017-08-09,486.95,397.25
2017-08-10,485.5,385.65
2017-08-11,489.7,382.75
2017-08-14,491.75,396.2
2017-08-16,499.5,397.55
2017-08-17,497.15,389.3
2017-08-18,490.4,386.2
2017-08-21,494.8,375.95
2017-08-22,499.2,375.65
2017-08-23,502.65,385.0
2017-08-24,506.85,380.05
2017-08-28,510.6,387.5
2017-08-29,503.6,383.3
2017-08-30,503.9,389.75
2017-08-31,500.35,392.95
2017-09-01,507.55,394.9
2017-09-04,501.75,384.85
2017-09-05,503.4,390.3
2017-09-06,492.85,385.05
2017-09-07,496.6,387.7
2017-09-08,494.0,385.9
2017-09-11,493.9,385.35
2017-09-12,496.5,389.05
2017-09-13,499.3,390.0
2017-09-14,519.75,403.1
2017-09-15,516.15,405.15
2017-09-18,524.55,404.7
2017-09-19,520.75,406.9
2017-09-20,519.45,409.7
2017-09-21,512.55,410.2
2017-09-22,505.3,401.2
2017-09-25,501.7,388.65
2017-09-26,511.95,390.55
2017-09-27,506.3,372.55
2017-09-28,511.8,372.05
2017-09-29,509.15,376.75
2017-10-03,509.65,383.7
2017-10-04,505.95,387.65
2017-10-05,501.2,385.9
2017-10-06,503.35,389.25
2017-10-09,505.95,393.7
2017-10-10,514.55,396.85
2017-10-11,515.75,396.95
2017-10-12,525.1,403.7
2017-10-13,529.45,408.2
2017-10-16,520.35,406.8
2017-10-17,513.15,406.85
2017-10-18,464.5,406.9
2017-10-19,460.3,401.4
2017-10-23,449.95,407.05
2017-10-24,451.95,406.2
2017-10-25,473.0,415.45
2017-10-26,484.3,414.3
2017-10-27,485.95,432.05
2017-10-30,484.0,429.8
2017-10-31,523.15,430.35
2017-11-01,535.1,433.1
2017-11-02,532.15,437.25
2017-11-03,540.1,434.85
2017-11-06,534.5,437.55
2017-11-07,527.15,431.55
2017-11-08,544.85,429.7
2017-11-09,540.4,433.4
2017-11-10,544.8,432.05
2017-11-13,537.35,413.35
2017-11-14,545.65,410.75
2017-11-15,542.0,407.1
2017-11-16,542.6,397.2
2017-11-17,542.4,400.95
2017-11-20,545.15,398.6
2017-11-21,546.8,400.8
2017-11-22,540.5,414.5
2017-11-23,544.15,407.1
2017-11-24,545.5,404.6
2017-11-27,559.4,399.5
2017-11-28,562.55,396.95
2017-11-29,549.5,403.45
2017-11-30,535.4,398.0
2017-12-01,533.85,386.75
2017-12-04,534.95,388.15
2017-12-05,533.15,388.85
2017-12-06,530.5,385.75
2017-12-07,534.05,389.7
2017-12-08,542.5,393.4
2017-12-11,545.1,391.75
2017-12-12,538.6,402.5
2017-12-13,535.75,394.0
2017-12-14,541.45,395.1
2017-12-15,547.95,401.35
2017-12-18,548.65,404.6
2017-12-19,553.65,405.8
2017-12-20,554.5,404.4
2017-12-21,548.95,402.3
2017-12-22,553.6,402.15
2017-12-26,555.0,404.55
2017-12-27,554.6,404.2
2017-12-28,546.85,398.7
2017-12-29,563.95,405.65
2018-01-01,565.5,399.65
2018-01-02,559.5,397.4
2018-01-03,560.45,407.65
2018-01-04,559.9,409.85
2018-01-05,563.25,423.8
2018-01-08,565.45,422.9
2018-01-09,565.3,421.1
2018-01-10,562.8,423.45
2018-01-11,558.75,425.5
2018-01-12,555.1,423.3
2018-01-15,560.55,420.6
2018-01-16,563.2,423.55
2018-01-17,585.2,433.4
2018-01-18,584.8,416.25
2018-01-19,590.25,433.45
2018-01-22,611.55,438.05
2018-01-23,620.1,438.4
2018-01-24,607.95,448.75
2018-01-25,616.1,436.5
2018-01-29,605.55,436.65
2018-01-30,593.75,428.25
2018-01-31,593.6,428.85
2018-02-01,592.8,428.75
2018-02-02,564.9,417.95
2018-02-05,566.25,408.2
2018-02-06,563.7,404.8
2018-02-07,559.35,407.0
2018-02-08,568.45,405.1
2018-02-09,557.55,399.0
2018-02-12,564.2,403.35
2018-02-14,543.9,413.0
2018-02-15,543.7,411.7
2018-02-16,537.85,405.45
2018-02-19,540.55,393.85
2018-02-20,531.7,394.9
2018-02-21,535.8,395.6
2018-02-22,530.25,404.0
2018-02-23,536.65,406.5
2018-02-26,552.3,415.05
2018-02-27,538.4,410.45
2018-02-28,528.75,408.35
2018-03-01,525.75,406.1
2018-03-05,524.55,403.95
2018-03-06,517.35,405.25
2018-03-07,512.65,376.95
2018-03-08,520.55,387.95
2018-03-09,505.35,377.9
2018-03-12,519.2,386.6
2018-03-13,531.5,385.2
2018-03-14,536.15,382.1
2018-03-15,529.65,382.15
2018-03-16,522.6,370.5
2018-03-19,519.45,364.3
2018-03-20,521.1,370.0
2018-03-21,526.3,363.7
2018-03-22,518.2,358.25
2018-03-23,499.5,362.4
2018-03-26,507.3,365.15
2018-03-27,512.2,365.5
2018-03-28,510.5,354.1
2018-04-02,499.05,369.7
2018-04-03,501.55,366.4
2018-04-04,492.25,367.8
2018-04-05,503.1,375.95
2018-04-06,500.2,379.3
2018-04-09,519.3,377.35
2018-04-10,546.15,387.25
2018-04-11,539.8,377.9
2018-04-12,548.75,372.35
2018-04-13,542.55,383.1
2018-04-16,542.4,387.5
2018-04-17,532.4,383.4
2018-04-18,518.25,384.95
2018-04-19,512.9,386.55
2018-04-20,505.7,381.15
2018-04-23,506.2,386.35
2018-04-24,504.85,392.25
2018-04-25,498.4,391.9
2018-04-26,493.75,397.1
2018-04-27,539.2,402.45
2018-04-30,517.3,407.3
2018-05-02,523.75,401.1
2018-05-03,533.4,397.0
2018-05-04,520.3,408.25
2018-05-07,536.1,412.4
2018-05-08,542.25,412.8
2018-05-09,548.5,413.35
2018-05-10,547.65,410.8
2018-05-11,553.3,412.7
2018-05-14,551.9,409.95
2018-05-15,549.7,409.15
2018-05-16,550.0,403.1
2018-05-17,539.45,397.9
2018-05-18,532.9,389.5
2018-05-21,526.85,383.7
2018-05-22,523.3,379.75
2018-05-23,520.25,374.25
2018-05-24,534.45,371.25
2018-05-25,538.5,379.9
2018-05-28,546.15,378.9
2018-05-29,547.75,377.85
2018-05-30,541.65,374.4
2018-05-31,545.9,392.15
2018-06-01,536.65,387.6
2018-06-04,537.05,378.55
2018-06-05,530.9,373.6
2018-06-06,531.4,375.8
2018-06-07,542.4,380.05
2018-06-08,537.4,380.5
2018-06-11,539.95,382.3
2018-06-12,537.15,388.9
2018-06-13,540.65,382.85
2018-06-14,532.0,374.45
2018-06-15,528.75,372.95
2018-06-18,522.55,370.55
2018-06-19,517.2,362.45
2018-06-20,519.1,365.65
2018-06-21,513.05,366.9
2018-06-22,525.65,365.8
2018-06-25,515.2,361.15
2018-06-26,514.2,362.9
2018-06-27,507.85,361.1
2018-06-28,504.6,361.8
2018-06-29,510.8,373.15
2018-07-02,512.25,362.8
2018-07-03,511.55,362.75
2018-07-04,514.75,359.95
2018-07-05,511.0,361.9
2018-07-06,513.7,365.75
2018-07-09,525.25,366.95
2018-07-10,532.55,370.45
2018-07-11,536.55,373.5
2018-07-12,538.35,369.35
2018-07-13,523.0,370.4
2018-07-16,522.1,360.05
2018-07-17,537.9,366.7
2018-07-18,526.55,364.05
2018-07-19,526.8,369.6
2018-07-20,533.7,370.05
2018-07-23,540.35,383.75
2018-07-24,546.1,392.6
2018-07-25,532.25,398.75
2018-07-26,541.65,399.3
2018-07-27,553.25,394.65
2018-07-30,569.65,390.8
2018-07-31,550.4,399.75
2018-08-01,545.15,399.0
2018-08-02,547.25,399.15
2018-08-03,574.75,399.55
2018-08-06,596.8,397.35
2018-08-07,593.05,372.3
2018-08-08,596.3,374.6
2018-08-09,621.05,378.0
2018-08-10,615.5,379.3
2018-08-13,604.9,377.15
2018-08-14,618.05,373.15
2018-08-16,623.45,370.3
2018-08-17,627.3,374.1
2018-08-20,624.4,378.25
2018-08-21,635.75,377.95
2018-08-23,631.75,384.5
2018-08-24,639.9,376.75
2018-08-27,650.2,378.65
2018-08-28,660.05,386.95
2018-08-29,656.9,385.9
2018-08-30,649.75,383.75
2018-08-31,649.25,383.15
2018-09-03,631.8,384.45
2018-09-04,641.8,373.75
2018-09-05,637.65,379.2
2018-09-06,638.2,384.8
2018-09-07,645.55,377.45
2018-09-10,651.75,371.95
2018-09-11,650.15,364.65
2018-09-12,635.45,376.05
2018-09-14,636.4,380.1
2018-09-17,625.95,380.8
2018-09-18,608.6,379.55
2018-09-19,608.8,372.4
2018-09-21,599.2,361.75
2018-09-24,597.35,345.85
2018-09-25,614.35,337.95
2018-09-26,617.45,338.55
2018-09-27,600.15,335.25
2018-09-28,613.25,328.9
2018-10-01,593.45,330.35
2018-10-03,572.25,329.75
2018-10-04,586.25,317.05
2018-10-05,568.5,301.8
2018-10-08,556.55,304.35
2018-10-09,552.85,318.75
2018-10-10,589.2,327.1
2018-10-11,580.85,313.5
2018-10-12,584.9,323.15
2018-10-15,576.55,321.25
2018-10-16,588.85,333.35
2018-10-17,576.05,313.9
2018-10-19,562.55,315.35
2018-10-22,562.05,315.4
2018-10-23,562.75,319.0
2018-10-24,564.1,314.15
2018-10-25,561.05,305.6
2018-10-26,537.7,304.1
2018-10-29,566.7,326.4
2018-10-30,562.7,322.6
2018-10-31,582.4,318.85
2018-11-01,602.15,318.3
2018-11-02,610.65,333.6
2018-11-05,624.4,329.55
2018-11-06,607.45,325.6
2018-11-07,606.85,326.2
2018-11-09,613.2,337.6
2018-11-12,606.55,328.65
2018-11-13,618.3,334.1
2018-11-14,612.7,332.0
2018-11-15,626.1,346.2
2018-11-16,619.8,347.45
2018-11-19,616.3,350.55
2018-11-20,612.65,355.25
2018-11-21,626.85,361.25
2018-11-22,614.55,368.15
2018-11-26,631.05,369.05
2018-11-27,625.25,369.05
2018-11-28,627.95,365.4
2018-11-29,631.4,369.8
2018-11-30,625.75,365.65
2018-12-03,624.8,375.65
2018-12-04,623.25,373.8
2018-12-05,614.95,374.75
2018-12-06,600.05,363.95
2018-12-07,603.95,373.45
2018-12-10,590.3,359.15
2018-12-11,604.25,355.75
2018-12-12,619.95,374.45
2018-12-13,619.1,371.05
2018-12-14,620.25,368.6
2018-12-17,617.15,371.4
2018-12-18,619.4,372.9
2018-12-19,641.65,375.85
2018-12-20,632.95,375.15
2018-12-21,620.85,361.1
2018-12-24,615.0,361.1
2018-12-26,619.5,376.55
2018-12-27,617.55,384.0
2018-12-28,625.05,387.4
2018-12-31,619.9,387.7
2019-01-01,627.3,389.0
2019-01-02,620.05,381.3
2019-01-03,607.95,378.1
2019-01-04,619.6,382.15
2019-01-07,637.45,381.65
2019-01-08,650.9,378.75
2019-01-09,670.1,377.3
2019-01-10,663.25,380.25
2019-01-11,666.5,377.15
2019-01-14,659.2,374.45
2019-01-15,660.6,385.15
2019-01-16,664.0,389.3
2019-01-17,676.65,394.5
2019-01-18,664.6,399.3
2019-01-21,660.3,396.2
2019-01-22,661.6,390.6
2019-01-23,661.6,385.2
2019-01-24,663.65,380.95
2019-01-25,669.75,373.85
2019-01-28,656.3,326.1
2019-01-29,660.75,349.25
2019-01-30,690.95,338.15
2019-01-31,722.7,338.65
2019-02-01,717.25,338.45
2019-02-04,720.5,335.65
2019-02-05,729.5,339.8
2019-02-06,725.75,330.35
2019-02-07,730.15,332.35
2019-02-08,719.4,331.5
2019-02-11,710.85,328.8
2019-02-12,705.6,326.8
2019-02-13,697.5,341.65
2019-02-14,695.0,349.1
2019-02-15,686.6,350.15
2019-02-18,693.3,347.3
2019-02-19,693.05,339.55
2019-02-20,700.35,354.75
2019-02-21,697.2,355.75
2019-02-22,702.05,354.3
2019-02-25,703.7,324.55
2019-02-26,710.15,323.5
2019-02-27,718.2,325.25
2019-02-28,709.55,325.85
2019-03-01,702.4,333.2
2019-03-05,732.05,339.25
2019-03-06,720.6,337.05
2019-03-07,733.75,340.9
2019-03-08,733.4,342.15
2019-03-11,734.5,351.3
2019-03-12,742.55,361.05
2019-03-13,738.0,367.15
2019-03-14,740.6,366.0
2019-03-15,735.1,367.1
2019-03-18,751.6,369.0
2019-03-19,760.9,365.75
2019-03-20,755.75,360.6
2019-03-22,757.05,360.75
2019-03-25,745.7,361.35
2019-03-26,757.1,368.6
2019-03-27,759.3,366.3
2019-03-28,780.7,381.3
2019-03-29,777.25,378.15
2019-04-01,765.6,383.05
2019-04-02,767.4,379.7
2019-04-03,761.5,382.0
2019-04-04,762.15,380.2
2019-04-05,762.2,387.15
2019-04-08,754.6,379.9
2019-04-09,763.4,380.7
2019-04-10,760.85,383.45
2019-04-11,752.3,379.45
2019-04-12,764.35,385.65
2019-04-15,762.85,387.05
2019-04-16,771.1,395.65
2019-04-18,771.2,390.55
2019-04-22,755.5,391.05
2019-04-23,753.25,390.9
2019-04-24,752.85,391.75
2019-04-25,740.9,389.25
2019-04-26,759.9,391.75
2019-04-30,766.85,392.8
2019-05-02,752.35,395.3
2019-05-03,757.3,387.25
2019-05-06,747.45,379.8
2019-05-07,741.85,371.9
2019-05-08,735.5,369.8
2019-05-09,731.0,363.9
2019-05-10,735.05,372.55
2019-05-13,732.1,364.75
2019-05-14,731.35,370.55
2019-05-15,721.95,360.15
2019-05-16,731.85,371.5
2019-05-17,748.95,367.1
2019-05-20,782.4,400.1
2019-05-21,772.95,387.6
2019-05-22,779.15,385.95
2019-05-23,776.4,407.55
2019-05-24,793.2,410.25
2019-05-27,813.9,412.4
2019-05-28,808.4,412.65
2019-05-29,804.7,406.55
2019-05-30,807.55,409.3
2019-05-31,808.3,416.4
2019-06-03,812.65,424.75
2019-06-04,822.8,425.55
2019-06-06,807.7,426.3
2019-06-07,804.0,425.2
2019-06-10,814.15,425.75
2019-06-11,814.8,426.3
2019-06-12,813.55,424.95
2019-06-13,820.15,424.95
2019-06-14,801.2,426.4
2019-06-17,777.7,422.85
2019-06-18,775.75,421.4
2019-06-19,770.7,407.7
2019-06-20,771.4,401.2
2019-06-21,771.05,402.0
2019-06-24,762.85,406.0
2019-06-25,781.65,405.65
2019-06-26,788.6,414.95
2019-06-27,800.45,406.5
2019-06-28,808.55,410.2
2019-07-01,810.45,413.25
2019-07-02,802.6,414.05
2019-07-03,806.2,414.9
2019-07-04,808.85,414.9
2019-07-05,806.1,402.45
2019-07-08,782.9,397.8
2019-07-09,786.2,405.0
2019-07-10,769.25,405.0
2019-07-11,766.4,412.9
2019-07-12,755.8,415.3
2019-07-15,749.75,409.1
2019-07-16,761.05,417.75
2019-07-17,752.6,417.05
2019-07-18,740.4,412.4
2019-07-19,729.25,405.5
2019-07-22,727.45,407.2
2019-07-23,728.0,399.75
2019-07-24,712.3,380.8
2019-07-25,723.15,380.35
2019-07-26,729.85,381.65
2019-07-29,720.25,373.85
2019-07-30,707.6,373.45
2019-07-31,674.1,377.55
2019-08-01,669.3,371.1
2019-08-02,673.85,375.45
2019-08-05,662.45,367.85
2019-08-06,679.0,376.95
2019-08-07,659.95,372.25
2019-08-08,660.1,373.95
2019-08-09,660.8,376.6
2019-08-13,649.45,360.55
2019-08-14,663.2,358.85
2019-08-16,675.65,357.35
2019-08-19,685.0,357.4
2019-08-20,672.35,354.95
2019-08-21,664.7,350.7
2019-08-22,661.15,345.05
2019-08-23,663.9,349.35
2019-08-26,683.7,368.2
2019-08-27,682.95,372.05
2019-08-28,678.2,365.95
2019-08-29,661.15,366.2
2019-08-30,663.9,365.7
2019-09-03,645.7,361.3
2019-09-04,647.3,364.35
2019-09-05,649.6,366.55
2019-09-06,671.1,365.75
2019-09-09,671.55,369.55
2019-09-11,681.7,373.35
2019-09-12,662.9,372.45
2019-09-13,674.25,374.2
2019-09-16,670.9,370.6
2019-09-17,640.45,365.3
2019-09-18,648.4,366.35
2019-09-19,638.2,361.9
2019-09-20,680.35,380.7
2019-09-23,725.5,410.95
2019-09-24,704.4,413.85
2019-09-25,694.95,414.8
2019-09-26,699.9,419.15
2019-09-27,700.6,408.6
2019-09-30,685.0,413.95
2019-10-01,679.15,404.05
2019-10-03,668.4,403.9
2019-10-04,656.4,394.6
2019-10-07,673.45,395.25
2019-10-09,686.3,400.45
2019-10-10,672.95,399.9
2019-10-11,672.7,409.05
2019-10-14,683.5,407.45
2019-10-15,690.05,413.75
2019-10-16,693.4,410.0
2019-10-17,710.3,409.15
2019-10-18,709.55,421.7
2019-10-22,712.75,420.75
2019-10-23,714.85,396.1
2019-10-24,707.7,399.15
2019-10-25,708.6,398.95
2019-10-27,710.1,399.8
2019-10-29,738.45,398.95
2019-10-30,747.4,398.1
2019-10-31,736.35,395.8
2019-11-01,748.3,389.75
2019-11-04,742.6,391.0
2019-11-05,738.05,390.0
2019-11-06,747.25,391.0
2019-11-07,734.75,390.45
2019-11-08,725.5,386.15
2019-11-11,733.7,387.9
2019-11-13,711.2,370.8
2019-11-14,715.9,369.1
2019-11-15,716.9,366.3
2019-11-18,722.95,365.65
2019-11-19,747.8,364.05
2019-11-20,748.75,366.7
2019-11-21,737.4,372.1
2019-11-22,732.1,371.45
2019-11-25,754.75,374.7
2019-11-26,752.25,370.4
2019-11-27,752.9,372.95
2019-11-28,750.6,372.6
2019-11-29,739.05,382.05
2019-12-02,744.3,377.75
2019-12-03,733.4,361.95
2019-12-04,739.85,367.85
2019-12-05,729.25,368.4
2019-12-06,717.6,366.15
2019-12-09,732.0,373.6
2019-12-10,715.7,366.9
2019-12-11,716.55,369.7
2019-12-12,722.1,372.5
2019-12-13,752.0,376.95
2019-12-16,747.25,368.35
2019-12-17,745.65,371.25
2019-12-18,741.85,374.5
2019-12-19,742.55,369.65
2019-12-20,739.85,372.3
2019-12-23,743.15,366.9
2019-12-24,740.65,368.6
2019-12-26,736.5,363.65
2019-12-27,760.15,363.7
2019-12-30,754.1,365.95
2019-12-31,754.1,366.0
2020-01-01,748.7,377.65
2020-01-02,756.95,383.15
2020-01-03,742.95,382.5
2020-01-06,723.25,380.2
2020-01-07,725.75,384.8
2020-01-08,724.5,385.65
2020-01-09,742.85,391.8
2020-01-10,740.05,392.05
2020-01-13,737.4,390.35
2020-01-14,747.9,389.2
2020-01-15,746.3,390.8
2020-01-16,737.3,390.95
2020-01-17,739.9,387.6
2020-01-20,727.2,380.05
2020-01-21,717.6,379.95
2020-01-22,712.6,383.6
2020-01-23,723.0,385.85
2020-01-24,737.4,384.75
2020-01-27,740.25,381.25
2020-01-28,737.15,372.95
2020-01-29,735.25,383.35
2020-01-30,730.9,378.0
2020-01-31,729.3,369.4
2020-02-01,705.45,362.3
2020-02-03,708.95,367.35
2020-02-04,715.0,372.5
2020-02-05,724.05,366.6
2020-02-06,736.95,370.2
2020-02-07,748.15,369.55
2020-02-10,741.1,368.25
2020-02-11,749.95,374.2
2020-02-12,755.25,374.1
2020-02-13,747.8,369.1
2020-02-14,736.5,366.85
2020-02-17,738.4,362.8
2020-02-18,733.65,366.6
2020-02-19,741.05,371.3
2020-02-20,744.3,370.85
2020-02-24,725.45,362.25
2020-02-25,728.75,358.4
2020-02-26,729.4,358.4
2020-02-27,735.85,353.7
2020-02-28,697.3,342.2
2020-03-02,684.2,340.65
2020-03-03,687.15,347.3
2020-03-04,682.2,345.95
2020-03-05,677.9,349.15
2020-03-06,657.65,341.4
2020-03-09,623.55,321.9
2020-03-11,619.35,320.2
2020-03-12,543.25,287.65
2020-03-13,568.8,292.75
2020-03-16,508.6,261.4
2020-03-17,488.35,267.15
2020-03-18,473.45,260.4
2020-03-19,428.25,258.35
2020-03-20,428.15,256.4
2020-03-23,308.65,207.8
2020-03-24,303.15,231.75
2020-03-25,326.8,255.6
2020-03-26,341.4,248.2
2020-03-27,359.75,251.3
2020-03-30,368.15,251.65
2020-03-31,379.0,251.3
2020-04-01,358.65,244.8
2020-04-03,325.45,244.8
2020-04-07,388.85,248.1
2020-04-08,391.35,250.85
2020-04-09,420.15,251.9
2020-04-13,418.95,262.85
2020-04-15,417.3,268.9
2020-04-16,422.55,267.6
2020-04-17,478.8,268.15
2020-04-20,455.95,270.5
2020-04-21,420.65,265.2
2020-04-22,431.15,271.9
2020-04-23,430.05,277.6
2020-04-24,403.95,270.65
2020-04-27,427.3,271.15
2020-04-28,455.45,272.95
2020-04-29,439.1,287.65
2020-04-30,444.9,290.1
2020-05-04,402.8,266.35
2020-05-05,389.0,263.1
2020-05-06,388.85,270.15
2020-05-07,397.35,282.4
2020-05-08,382.05,285.05
2020-05-11,379.55,289.7
2020-05-12,386.85,291.5
2020-05-13,414.0,309.35
2020-05-14,401.95,308.4
2020-05-15,388.55,309.25
2020-05-18,358.8,293.3
2020-05-19,354.5,319.2
2020-05-20,362.5,323.75
2020-05-21,357.2,317.15
2020-05-22,336.95,310.6
2020-05-26,341.3,315.6
2020-05-27,387.0,326.65
2020-05-28,390.95,331.8
2020-05-29,384.95,323.8
2020-06-01,396.95,329.35
2020-06-02,410.1,339.95
2020-06-03,409.55,339.55
2020-06-04,394.35,339.2
2020-06-05,405.3,341.15
2020-06-08,430.25,343.3
2020-06-09,420.05,346.05
2020-06-10,427.45,346.55
2020-06-11,413.45,338.65
2020-06-12,408.0,345.3
2020-06-15,389.6,339.75
2020-06-16,381.55,340.8
2020-06-17,389.6,341.3
2020-06-18,405.4,343.8
2020-06-19,417.05,348.9
2020-06-22,430.15,349.6
2020-06-23,443.65,355.65
2020-06-24,424.65,351.85
2020-06-25,421.7,344.0
2020-06-26,424.85,343.2
2020-06-29,404.8,342.65
2020-06-30,406.65,343.9
2020-07-01,433.25,343.8
2020-07-02,423.2,346.8
2020-07-03,428.45,360.4
2020-07-06,434.0,359.45
2020-07-07,447.35,345.95
2020-07-08,444.15,340.6
2020-07-09,453.75,343.15
2020-07-10,439.6,334.95
2020-07-13,440.05,332.2
2020-07-14,417.7,320.4
2020-07-15,426.65,315.15
2020-07-16,434.0,311.2
2020-07-17,433.1,313.0
2020-07-20,434.0,317.3
2020-07-21,446.2,314.7
2020-07-22,478.95,312.0
2020-07-23,460.85,313.9
2020-07-24,445.6,309.4
2020-07-27,431.55,309.05
2020-07-28,437.05,318.6
2020-07-29,440.9,315.15
2020-07-30,425.85,312.5
2020-07-31,431.65,315.2
2020-08-03,417.35,311.35
2020-08-04,429.15,314.95
2020-08-05,434.95,327.1
2020-08-06,433.0,323.8
2020-08-07,433.3,326.65
2020-08-10,431.1,331.3
2020-08-11,448.0,335.0
2020-08-12,451.1,341.2
2020-08-13,448.1,347.65
2020-08-14,435.85,348.1
2020-08-17,438.15,357.45
2020-08-18,445.8,357.45
2020-08-19,444.2,356.65
2020-08-20,434.95,353.6
2020-08-21,440.45,354.35
2020-08-24,445.8,349.0
2020-08-25,451.8,346.1
2020-08-26,463.35,354.25
2020-08-27,473.05,350.55
2020-08-28,509.2,360.05
2020-08-31,496.75,355.75
2020-09-01,485.7,348.8
2020-09-02,484.4,359.9
2020-09-03,474.95,366.0
2020-09-04,455.2,353.0
2020-09-07,458.7,352.05
2020-09-08,444.35,345.6
2020-09-09,431.25,343.85
2020-09-10,446.85,341.6
2020-09-11,447.2,342.5
2020-09-14,440.55,351.65
2020-09-15,449.55,352.65
2020-09-16,446.0,353.55
2020-09-17,442.9,346.1
2020-09-18,443.35,357.85
2020-09-21,423.35,347.85
2020-09-22,412.0,332.3
2020-09-23,419.75,324.6
2020-09-24,402.45,313.75
2020-09-25,415.05,326.15
2020-09-28,439.25,339.55
2020-09-29,426.85,341.0
2020-09-30,424.65,341.75
2020-10-01,443.7,353.3
2020-10-05,444.15,350.35
2020-10-06,449.65,362.9
2020-10-07,453.1,360.65
2020-10-08,451.9,359.75
2020-10-09,468.05,357.2
2020-10-12,468.0,357.65
2020-10-13,461.35,349.9
2020-10-14,471.3,348.95
2020-10-15,462.6,342.8
2020-10-16,472.4,349.95
2020-10-19,492.95,347.55
2020-10-20,493.95,348.95
2020-10-21,501.45,355.35
2020-10-22,510.3,358.35
2020-10-23,507.2,364.35
2020-10-26,493.35,363.7
2020-10-27,508.1,364.4
2020-10-28,504.7,353.65
2020-10-29,493.85,342.7
2020-10-30,492.5,359.85
2020-11-02,522.65,356.9
2020-11-03,534.15,353.65
2020-11-04,525.15,361.1
2020-11-05,539.3,368.65
2020-11-06,541.75,371.1
2020-11-09,565.05,367.05
2020-11-10,583.6,366.75
2020-11-11,608.65,371.6
2020-11-12,599.7,368.05
2020-11-13,610.35,365.5
2020-11-14,613.15,366.1
2020-11-17,628.8,379.65
2020-11-18,636.3,391.1
2020-11-19,611.5,381.9
2020-11-20,607.85,375.85
2020-11-23,595.6,375.15
2020-11-24,619.65,392.25
2020-11-25,599.85,398.95
2020-11-26,612.55,410.15
2020-11-27,601.6,411.55
2020-12-01,603.65,423.8
2020-12-02,608.1,438.2
2020-12-03,602.7,435.8
2020-12-04,614.5,453.7
2020-12-07,619.25,471.5
2020-12-08,620.65,463.35
2020-12-09,634.2,463.9
2020-12-10,627.05,471.0
2020-12-11,613.25,466.3
2020-12-14,615.9,467.0
2020-12-15,607.1,475.75
2020-12-16,606.1,475.55
2020-12-17,605.4,467.75
2020-12-18,609.5,463.3
2020-12-21,582.5,444.25
2020-12-22,589.75,468.65
2020-12-23,592.45,470.75
2020-12-24,610.2,478.55
2020-12-28,617.65,483.55
2020-12-29,630.2,483.4
2020-12-30,625.1,485.4
2020-12-31,620.45,483.75
2021-01-01,623.8,503.85
2021-01-04,624.7,498.9
2021-01-05,664.45,499.45
2021-01-06,654.25,496.8
2021-01-07,671.1,513.85
2021-01-08,672.7,517.0
2021-01-11,666.95,508.35
2021-01-12,675.7,511.25
2021-01-13,687.8,536.65
2021-01-14,676.0,536.95
2021-01-15,674.85,527.95
2021-01-18,657.0,515.5
2021-01-19,668.75,532.8
2021-01-20,675.75,558.6
2021-01-21,675.85,547.65
2021-01-22,644.5,535.8
2021-01-25,658.4,523.65
2021-01-27,632.1,518.85
2021-01-28,670.7,519.1
2021-01-29,662.9,509.7
2021-02-01,709.35,542.75
2021-02-02,714.2,550.8
2021-02-03,733.8,560.1
2021-02-04,743.9,568.4
2021-02-05,719.6,566.95
2021-02-08,736.15,582.05
2021-02-09,742.5,581.95
2021-02-10,734.8,576.85
2021-02-11,740.1,591.85
2021-02-12,750.4,616.6
2021-02-15,794.0,627.75
2021-02-16,775.05,636.55
2021-02-17,777.75,655.75
2021-02-18,777.0,664.05
2021-02-19,749.65,653.5
2021-02-22,719.45,673.8
2021-02-23,715.95,662.0
2021-02-24,749.4,665.2
2021-02-25,770.65,704.3
2021-02-26,724.8,675.9
2021-03-01,728.55,692.9
2021-03-02,731.25,720.5
2021-03-03,753.95,729.85
2021-03-04,736.8,752.45
2021-03-05,730.75,748.95
2021-03-08,743.3,748.4
2021-03-09,745.45,750.75
2021-03-10,760.75,745.35
2021-03-12,750.6,728.15
2021-03-15,744.4,719.05
2021-03-16,737.75,717.35
2021-03-17,727.9,688.25
2021-03-18,718.75,679.65
2021-03-19,726.25,686.25
2021-03-22,716.2,721.9
2021-03-23,730.55,738.55
2021-03-24,706.4,706.85
2021-03-25,694.6,688.25
2021-03-26,698.2,703.05
2021-03-30,695.35,710.55
2021-03-31,697.45,702.4
2021-04-01,713.0,736.25
2021-04-05,685.25,742.25
2021-04-06,677.9,835.55
2021-04-07,688.25,814.75
2021-04-08,681.6,823.0
2021-04-09,668.2,823.6
2021-04-12,635.6,744.65
2021-04-13,661.0,731.05
2021-04-15,668.85,750.35
2021-04-16,669.2,755.5
2021-04-19,648.15,720.95
2021-04-20,651.75,720.45
2021-04-22,658.7,737.8
2021-04-23,671.35,725.35
2021-04-26,700.45,730.75
2021-04-27,699.55,749.15
2021-04-28,708.15,746.25
2021-04-29,719.4,746.75
2021-04-30,714.9,730.05
